county,elasticity,pop,year,hpi_all,elas_bin
1001,3.5814337730407715,16784,1998,110200,TRUE
1001,3.5814337730407715,16784,1999,114100,TRUE
1001,3.5814337730407715,16784,2000,118900,TRUE
1001,3.5814337730407715,16784,2001,128600,TRUE
1001,3.5814337730407715,16784,2002,139300,TRUE
1001,3.5814337730407715,16784,2003,155900,TRUE
1001,3.5814337730407715,16784,2004,170900,TRUE
1001,3.5814337730407715,16784,2005,198000,TRUE
1001,3.5814337730407715,16784,2006,215000,TRUE
1007,2.144763946533203,8777,1998,141100,FALSE
1007,2.144763946533203,8777,1999,144100,FALSE
1007,2.144763946533203,8777,2000,155500,FALSE
1007,2.144763946533203,8777,2001,168900,FALSE
1007,2.144763946533203,8777,2002,184100,FALSE
1007,2.144763946533203,8777,2003,212600,FALSE
1007,2.144763946533203,8777,2004,236400,FALSE
1007,2.144763946533203,8777,2005,257200,FALSE
1007,2.144763946533203,8777,2006,271400,FALSE
1069,4.256374359130859,38769,1998,102800,TRUE
1069,4.256374359130859,38769,1999,108400,TRUE
1069,4.256374359130859,38769,2000,114800,TRUE
1069,4.256374359130859,38769,2001,116400,TRUE
1069,4.256374359130859,38769,2002,133100,TRUE
1069,4.256374359130859,38769,2003,152600,TRUE
1069,4.256374359130859,38769,2004,171600,TRUE
1069,4.256374359130859,38769,2005,193400,TRUE
1069,4.256374359130859,38769,2006,196000,TRUE
1073,2.144763946533203,299947,1998,147800,FALSE
1073,2.144763946533203,299947,1999,151400,FALSE
1073,2.144763946533203,299947,2000,172300,FALSE
1073,2.144763946533203,299947,2001,182100,FALSE
1073,2.144763946533203,299947,2002,187600,FALSE
1073,2.144763946533203,299947,2003,212100,FALSE
1073,2.144763946533203,299947,2004,245800,FALSE
1073,2.144763946533203,299947,2005,279100,FALSE
1073,2.144763946533203,299947,2006,280500,FALSE
1081,5.2154035568237305,50478,1998,104200,TRUE
1081,5.2154035568237305,50478,1999,100100,TRUE
1081,5.2154035568237305,50478,2000,112700,TRUE
1081,5.2154035568237305,50478,2001,125600,TRUE
1081,5.2154035568237305,50478,2002,141800,TRUE
1081,5.2154035568237305,50478,2003,159400,TRUE
1081,5.2154035568237305,50478,2004,176000,TRUE
1081,5.2154035568237305,50478,2005,205200,TRUE
1081,5.2154035568237305,50478,2006,217900,TRUE
1083,2.848341941833496,25930,1998,100300,TRUE
1083,2.848341941833496,25930,1999,109600,TRUE
1083,2.848341941833496,25930,2000,121400,TRUE
1083,2.848341941833496,25930,2001,129500,TRUE
1083,2.848341941833496,25930,2002,148400,TRUE
1083,2.848341941833496,25930,2003,171700,TRUE
1083,2.848341941833496,25930,2004,189300,TRUE
1083,2.848341941833496,25930,2005,219300,TRUE
1083,2.848341941833496,25930,2006,211700,TRUE
1085,3.5814337730407715,5395,1998,124000,TRUE
1085,3.5814337730407715,5395,1999,128600,TRUE
1085,3.5814337730407715,5395,2000,131600,TRUE
1085,3.5814337730407715,5395,2001,140600,TRUE
1085,3.5814337730407715,5395,2002,153900,TRUE
1085,3.5814337730407715,5395,2003,176300,TRUE
1085,3.5814337730407715,5395,2004,188700,TRUE
1085,3.5814337730407715,5395,2005,223000,TRUE
1085,3.5814337730407715,5395,2006,228000,TRUE
1089,2.848341941833496,121143,1998,111100,TRUE
1089,2.848341941833496,121143,1999,116900,TRUE
1089,2.848341941833496,121143,2000,123000,TRUE
1089,2.848341941833496,121143,2001,130200,TRUE
1089,2.848341941833496,121143,2002,142500,TRUE
1089,2.848341941833496,121143,2003,161600,TRUE
1089,2.848341941833496,121143,2004,173800,TRUE
1089,2.848341941833496,121143,2005,198000,TRUE
1089,2.848341941833496,121143,2006,209500,TRUE
5033,3.3567378520965576,21761,1998,NA,TRUE
5033,3.3567378520965576,21761,1999,NA,TRUE
5033,3.3567378520965576,21761,2000,NA,TRUE
5033,3.3567378520965576,21761,2001,NA,TRUE
5033,3.3567378520965576,21761,2002,NA,TRUE
5033,3.3567378520965576,21761,2003,NA,TRUE
5033,3.3567378520965576,21761,2004,174300,TRUE
5033,3.3567378520965576,21761,2005,249000,TRUE
5033,3.3567378520965576,21761,2006,232700,TRUE
5091,3.815215587615967,17720,1998,NA,TRUE
5091,3.815215587615967,17720,1999,NA,TRUE
5091,3.815215587615967,17720,2000,221300,TRUE
5091,3.815215587615967,17720,2001,209700,TRUE
5091,3.815215587615967,17720,2002,222600,TRUE
5091,3.815215587615967,17720,2003,257600,TRUE
5091,3.815215587615967,17720,2004,278100,TRUE
5091,3.815215587615967,17720,2005,359100,TRUE
5091,3.815215587615967,17720,2006,350500,TRUE
5143,2.064203977584839,66447,1998,NA,FALSE
5143,2.064203977584839,66447,1999,NA,FALSE
5143,2.064203977584839,66447,2000,NA,FALSE
5143,2.064203977584839,66447,2001,NA,FALSE
5143,2.064203977584839,66447,2002,NA,FALSE
5143,2.064203977584839,66447,2003,NA,FALSE
5143,2.064203977584839,66447,2004,NA,FALSE
5143,2.064203977584839,66447,2005,276100,FALSE
5143,2.064203977584839,66447,2006,254500,FALSE
6001,0.7042071223258972,542320,1998,231400,FALSE
6001,0.7042071223258972,542320,1999,248700,FALSE
6001,0.7042071223258972,542320,2000,273700,FALSE
6001,0.7042071223258972,542320,2001,297700,FALSE
6001,0.7042071223258972,542320,2002,311300,FALSE
6001,0.7042071223258972,542320,2003,341600,FALSE
6001,0.7042071223258972,542320,2004,366000,FALSE
6001,0.7042071223258972,542320,2005,386800,FALSE
6001,0.7042071223258972,542320,2006,398500,FALSE
6013,0.7042071223258972,352464,1998,181600,FALSE
6013,0.7042071223258972,352464,1999,196300,FALSE
6013,0.7042071223258972,352464,2000,209300,FALSE
6013,0.7042071223258972,352464,2001,230000,FALSE
6013,0.7042071223258972,352464,2002,245500,FALSE
6013,0.7042071223258972,352464,2003,269100,FALSE
6013,0.7042071223258972,352464,2004,295100,FALSE
6013,0.7042071223258972,352464,2005,320500,FALSE
6013,0.7042071223258972,352464,2006,331200,FALSE
6019,1.8360768556594849,272293,1998,124500,FALSE
6019,1.8360768556594849,272293,1999,130100,FALSE
6019,1.8360768556594849,272293,2000,140100,FALSE
6019,1.8360768556594849,272293,2001,157100,FALSE
6019,1.8360768556594849,272293,2002,172600,FALSE
6019,1.8360768556594849,272293,2003,194100,FALSE
6019,1.8360768556594849,272293,2004,211800,FALSE
6019,1.8360768556594849,272293,2005,231800,FALSE
6019,1.8360768556594849,272293,2006,244400,FALSE
6029,1.6380138397216797,232526,1998,141600,FALSE
6029,1.6380138397216797,232526,1999,153500,FALSE
6029,1.6380138397216797,232526,2000,163000,FALSE
6029,1.6380138397216797,232526,2001,175600,FALSE
6029,1.6380138397216797,232526,2002,189500,FALSE
6029,1.6380138397216797,232526,2003,212200,FALSE
6029,1.6380138397216797,232526,2004,234200,FALSE
6029,1.6380138397216797,232526,2005,261700,FALSE
6029,1.6380138397216797,232526,2006,276400,FALSE
6037,0.6265944242477417,3267393,1998,154000,FALSE
6037,0.6265944242477417,3267393,1999,163300,FALSE
6037,0.6265944242477417,3267393,2000,172600,FALSE
6037,0.6265944242477417,3267393,2001,192000,FALSE
6037,0.6265944242477417,3267393,2002,208100,FALSE
6037,0.6265944242477417,3267393,2003,231100,FALSE
6037,0.6265944242477417,3267393,2004,255000,FALSE
6037,0.6265944242477417,3267393,2005,284200,FALSE
6037,0.6265944242477417,3267393,2006,299600,FALSE
6053,1.100335955619812,128980,1998,74200,FALSE
6053,1.100335955619812,128980,1999,79700,FALSE
6053,1.100335955619812,128980,2000,89500,FALSE
6053,1.100335955619812,128980,2001,100500,FALSE
6053,1.100335955619812,128980,2002,109800,FALSE
6053,1.100335955619812,128980,2003,127400,FALSE
6053,1.100335955619812,128980,2004,138900,FALSE
6053,1.100335955619812,128980,2005,152500,FALSE
6053,1.100335955619812,128980,2006,167000,FALSE
6069,0.7603265643119812,15980,1998,218800,FALSE
6069,0.7603265643119812,15980,1999,231000,FALSE
6069,0.7603265643119812,15980,2000,248600,FALSE
6069,0.7603265643119812,15980,2001,269500,FALSE
6069,0.7603265643119812,15980,2002,310500,FALSE
6069,0.7603265643119812,15980,2003,331200,FALSE
6069,0.7603265643119812,15980,2004,372000,FALSE
6069,0.7603265643119812,15980,2005,435600,FALSE
6069,0.7603265643119812,15980,2006,474300,FALSE
6071,0.9431942105293274,600583,1998,166200,FALSE
6071,0.9431942105293274,600583,1999,177400,FALSE
6071,0.9431942105293274,600583,2000,195200,FALSE
6071,0.9431942105293274,600583,2001,202500,FALSE
6071,0.9431942105293274,600583,2002,222700,FALSE
6071,0.9431942105293274,600583,2003,243400,FALSE
6071,0.9431942105293274,600583,2004,270400,FALSE
6071,0.9431942105293274,600583,2005,302000,FALSE
6071,0.9431942105293274,600583,2006,316100,FALSE
6073,0.6727622747421265,1040136,1998,228200,FALSE
6073,0.6727622747421265,1040136,1999,241100,FALSE
6073,0.6727622747421265,1040136,2000,279700,FALSE
6073,0.6727622747421265,1040136,2001,299000,FALSE
6073,0.6727622747421265,1040136,2002,314000,FALSE
6073,0.6727622747421265,1040136,2003,339700,FALSE
6073,0.6727622747421265,1040136,2004,377300,FALSE
6073,0.6727622747421265,1040136,2005,394000,FALSE
6073,0.6727622747421265,1040136,2006,414800,FALSE
6081,0.661586344242096,253458,1998,128000,FALSE
6081,0.661586344242096,253458,1999,131600,FALSE
6081,0.661586344242096,253458,2000,138100,FALSE
6081,0.661586344242096,253458,2001,146100,FALSE
6081,0.661586344242096,253458,2002,164400,FALSE
6081,0.661586344242096,253458,2003,172100,FALSE
6081,0.661586344242096,253458,2004,193800,FALSE
6081,0.661586344242096,253458,2005,214200,FALSE
6081,0.661586344242096,253458,2006,225700,FALSE
6085,0.7603265643119812,584772,1998,152300,FALSE
6085,0.7603265643119812,584772,1999,158700,FALSE
6085,0.7603265643119812,584772,2000,174400,FALSE
6085,0.7603265643119812,584772,2001,189200,FALSE
6085,0.7603265643119812,584772,2002,206000,FALSE
6085,0.7603265643119812,584772,2003,234200,FALSE
6085,0.7603265643119812,584772,2004,253200,FALSE
6085,0.7603265643119812,584772,2005,278100,FALSE
6085,0.7603265643119812,584772,2006,277900,FALSE
6089,1.8249019384384155,70517,1998,177100,FALSE
6089,1.8249019384384155,70517,1999,186200,FALSE
6089,1.8249019384384155,70517,2000,199400,FALSE
6089,1.8249019384384155,70517,2001,214700,FALSE
6089,1.8249019384384155,70517,2002,241500,FALSE
6089,1.8249019384384155,70517,2003,265200,FALSE
6089,1.8249019384384155,70517,2004,278100,FALSE
6089,1.8249019384384155,70517,2005,293100,FALSE
6089,1.8249019384384155,70517,2006,305200,FALSE
6095,1.1440908908843994,137557,1998,125800,FALSE
6095,1.1440908908843994,137557,1999,132300,FALSE
6095,1.1440908908843994,137557,2000,140500,FALSE
6095,1.1440908908843994,137557,2001,153000,FALSE
6095,1.1440908908843994,137557,2002,166100,FALSE
6095,1.1440908908843994,137557,2003,180800,FALSE
6095,1.1440908908843994,137557,2004,197600,FALSE
6095,1.1440908908843994,137557,2005,219700,FALSE
6095,1.1440908908843994,137557,2006,238400,FALSE
6107,1.9665818214416504,118289,1998,160500,FALSE
6107,1.9665818214416504,118289,1999,178900,FALSE
6107,1.9665818214416504,118289,2000,204200,FALSE
6107,1.9665818214416504,118289,2001,233100,FALSE
6107,1.9665818214416504,118289,2002,258100,FALSE
6107,1.9665818214416504,118289,2003,285400,FALSE
6107,1.9665818214416504,118289,2004,314200,FALSE
6107,1.9665818214416504,118289,2005,332400,FALSE
6107,1.9665818214416504,118289,2006,347900,FALSE
6111,0.7495062947273254,253516,1998,124100,FALSE
6111,0.7495062947273254,253516,1999,130000,FALSE
6111,0.7495062947273254,253516,2000,138500,FALSE
6111,0.7495062947273254,253516,2001,151900,FALSE
6111,0.7495062947273254,253516,2002,164300,FALSE
6111,0.7495062947273254,253516,2003,182900,FALSE
6111,0.7495062947273254,253516,2004,203700,FALSE
6111,0.7495062947273254,253516,2005,225400,FALSE
6111,0.7495062947273254,253516,2006,239200,FALSE
8005,1.5290610790252686,174925,1998,117500,FALSE
8005,1.5290610790252686,174925,1999,129700,FALSE
8005,1.5290610790252686,174925,2000,141400,FALSE
8005,1.5290610790252686,174925,2001,158900,FALSE
8005,1.5290610790252686,174925,2002,182400,FALSE
8005,1.5290610790252686,174925,2003,217300,FALSE
8005,1.5290610790252686,174925,2004,245100,FALSE
8005,1.5290610790252686,174925,2005,289700,FALSE
8005,1.5290610790252686,174925,2006,305900,FALSE
8031,1.5290610790252686,253205,1998,88700,FALSE
8031,1.5290610790252686,253205,1999,90400,FALSE
8031,1.5290610790252686,253205,2000,88500,FALSE
8031,1.5290610790252686,253205,2001,93300,FALSE
8031,1.5290610790252686,253205,2002,101200,FALSE
8031,1.5290610790252686,253205,2003,119400,FALSE
8031,1.5290610790252686,253205,2004,136200,FALSE
8031,1.5290610790252686,253205,2005,173100,FALSE
8031,1.5290610790252686,253205,2006,183100,FALSE
8035,1.5290610790252686,64324,1998,121200,FALSE
8035,1.5290610790252686,64324,1999,131500,FALSE
8035,1.5290610790252686,64324,2000,131600,FALSE
8035,1.5290610790252686,64324,2001,143700,FALSE
8035,1.5290610790252686,64324,2002,153300,FALSE
8035,1.5290610790252686,64324,2003,181300,FALSE
8035,1.5290610790252686,64324,2004,214100,FALSE
8035,1.5290610790252686,64324,2005,261500,FALSE
8035,1.5290610790252686,64324,2006,286500,FALSE
8059,1.5290610790252686,230831,1998,81200,FALSE
8059,1.5290610790252686,230831,1999,88800,FALSE
8059,1.5290610790252686,230831,2000,85600,FALSE
8059,1.5290610790252686,230831,2001,90900,FALSE
8059,1.5290610790252686,230831,2002,97300,FALSE
8059,1.5290610790252686,230831,2003,115200,FALSE
8059,1.5290610790252686,230831,2004,133300,FALSE
8059,1.5290610790252686,230831,2005,155300,FALSE
8059,1.5290610790252686,230831,2006,176400,FALSE
8069,1.7872449159622192,105569,1998,75700,FALSE
8069,1.7872449159622192,105569,1999,75100,FALSE
8069,1.7872449159622192,105569,2000,77800,FALSE
8069,1.7872449159622192,105569,2001,86600,FALSE
8069,1.7872449159622192,105569,2002,82400,FALSE
8069,1.7872449159622192,105569,2003,90800,FALSE
8069,1.7872449159622192,105569,2004,101000,FALSE
8069,1.7872449159622192,105569,2005,119900,FALSE
8069,1.7872449159622192,105569,2006,139300,FALSE
8077,2.127995252609253,48463,1998,146600,FALSE
8077,2.127995252609253,48463,1999,148600,FALSE
8077,2.127995252609253,48463,2000,157800,FALSE
8077,2.127995252609253,48463,2001,167800,FALSE
8077,2.127995252609253,48463,2002,186100,FALSE
8077,2.127995252609253,48463,2003,221900,FALSE
8077,2.127995252609253,48463,2004,252400,FALSE
8077,2.127995252609253,48463,2005,281900,FALSE
8077,2.127995252609253,48463,2006,301800,FALSE
8093,1.5290610790252686,10077,1998,84800,FALSE
8093,1.5290610790252686,10077,1999,83700,FALSE
8093,1.5290610790252686,10077,2000,90700,FALSE
8093,1.5290610790252686,10077,2001,92700,FALSE
8093,1.5290610790252686,10077,2002,95200,FALSE
8093,1.5290610790252686,10077,2003,110000,FALSE
8093,1.5290610790252686,10077,2004,130300,FALSE
8093,1.5290610790252686,10077,2005,148900,FALSE
8093,1.5290610790252686,10077,2006,170700,FALSE
10001,2.1819159984588623,48182,1998,NA,FALSE
10001,2.1819159984588623,48182,1999,NA,FALSE
10001,2.1819159984588623,48182,2000,NA,FALSE
10001,2.1819159984588623,48182,2001,NA,FALSE
10001,2.1819159984588623,48182,2002,NA,FALSE
10001,2.1819159984588623,48182,2003,NA,FALSE
10001,2.1819159984588623,48182,2004,915700,FALSE
10001,2.1819159984588623,48182,2005,1257700,FALSE
10001,2.1819159984588623,48182,2006,1432500,FALSE
10003,1.9911681413650513,198686,1998,NA,FALSE
10003,1.9911681413650513,198686,1999,NA,FALSE
10003,1.9911681413650513,198686,2000,NA,FALSE
10003,1.9911681413650513,198686,2001,NA,FALSE
10003,1.9911681413650513,198686,2002,NA,FALSE
10003,1.9911681413650513,198686,2003,NA,FALSE
10003,1.9911681413650513,198686,2004,667900,FALSE
10003,1.9911681413650513,198686,2005,917000,FALSE
10003,1.9911681413650513,198686,2006,1032500,FALSE
11001,1.6058274507522583,273395,1998,211300,FALSE
11001,1.6058274507522583,273395,1999,239600,FALSE
11001,1.6058274507522583,273395,2000,262300,FALSE
11001,1.6058274507522583,273395,2001,305700,FALSE
11001,1.6058274507522583,273395,2002,356700,FALSE
11001,1.6058274507522583,273395,2003,395100,FALSE
11001,1.6058274507522583,273395,2004,437500,FALSE
11001,1.6058274507522583,273395,2005,501200,FALSE
11001,1.6058274507522583,273395,2006,531800,FALSE
12009,1.037470817565918,222273,1998,117100,FALSE
12009,1.037470817565918,222273,1999,114700,FALSE
12009,1.037470817565918,222273,2000,123100,FALSE
12009,1.037470817565918,222273,2001,125700,FALSE
12009,1.037470817565918,222273,2002,130100,FALSE
12009,1.037470817565918,222273,2003,152100,FALSE
12009,1.037470817565918,222273,2004,181700,FALSE
12009,1.037470817565918,222273,2005,194000,FALSE
12009,1.037470817565918,222273,2006,224900,FALSE
12019,1.0591615438461304,52763,1998,130500,FALSE
12019,1.0591615438461304,52763,1999,136400,FALSE
12019,1.0591615438461304,52763,2000,140400,FALSE
12019,1.0591615438461304,52763,2001,147800,FALSE
12019,1.0591615438461304,52763,2002,161300,FALSE
12019,1.0591615438461304,52763,2003,184500,FALSE
12019,1.0591615438461304,52763,2004,207900,FALSE
12019,1.0591615438461304,52763,2005,241500,FALSE
12019,1.0591615438461304,52763,2006,266200,FALSE
12033,1.4766288995742798,121958,1998,105800,FALSE
12033,1.4766288995742798,121958,1999,107500,FALSE
12033,1.4766288995742798,121958,2000,114500,FALSE
12033,1.4766288995742798,121958,2001,114600,FALSE
12033,1.4766288995742798,121958,2002,127800,FALSE
12033,1.4766288995742798,121958,2003,141600,FALSE
12033,1.4766288995742798,121958,2004,156100,FALSE
12033,1.4766288995742798,121958,2005,171700,FALSE
12033,1.4766288995742798,121958,2006,197600,FALSE
12053,0.9978693723678589,60360,1998,97600,FALSE
12053,0.9978693723678589,60360,1999,98600,FALSE
12053,0.9978693723678589,60360,2000,101200,FALSE
12053,0.9978693723678589,60360,2001,107600,FALSE
12053,0.9978693723678589,60360,2002,118400,FALSE
12053,0.9978693723678589,60360,2003,134300,FALSE
12053,0.9978693723678589,60360,2004,140500,FALSE
12053,0.9978693723678589,60360,2005,163000,FALSE
12053,0.9978693723678589,60360,2006,184100,FALSE
12057,0.9978693723678589,431549,1998,83400,FALSE
12057,0.9978693723678589,431549,1999,73200,FALSE
12057,0.9978693723678589,431549,2000,73900,FALSE
12057,0.9978693723678589,431549,2001,85600,FALSE
12057,0.9978693723678589,431549,2002,94300,FALSE
12057,0.9978693723678589,431549,2003,95400,FALSE
12057,0.9978693723678589,431549,2004,119300,FALSE
12057,0.9978693723678589,431549,2005,122800,FALSE
12057,0.9978693723678589,431549,2006,151600,FALSE
12095,1.1201637983322144,375250,1998,51500,FALSE
12095,1.1201637983322144,375250,1999,54600,FALSE
12095,1.1201637983322144,375250,2000,58500,FALSE
12095,1.1201637983322144,375250,2001,59900,FALSE
12095,1.1201637983322144,375250,2002,59200,FALSE
12095,1.1201637983322144,375250,2003,65600,FALSE
12095,1.1201637983322144,375250,2004,63200,FALSE
12095,1.1201637983322144,375250,2005,82000,FALSE
12095,1.1201637983322144,375250,2006,84300,FALSE
12117,1.1201637983322144,132266,1998,56900,FALSE
12117,1.1201637983322144,132266,1999,62800,FALSE
12117,1.1201637983322144,132266,2000,64400,FALSE
12117,1.1201637983322144,132266,2001,64900,FALSE
12117,1.1201637983322144,132266,2002,72700,FALSE
12117,1.1201637983322144,132266,2003,80900,FALSE
12117,1.1201637983322144,132266,2004,79900,FALSE
12117,1.1201637983322144,132266,2005,123800,FALSE
12117,1.1201637983322144,132266,2006,117900,FALSE
13021,3.62020206451416,70976,1998,65100,TRUE
13021,3.62020206451416,70976,1999,65600,TRUE
13021,3.62020206451416,70976,2000,66800,TRUE
13021,3.62020206451416,70976,2001,72400,TRUE
13021,3.62020206451416,70976,2002,71200,TRUE
13021,3.62020206451416,70976,2003,76900,TRUE
13021,3.62020206451416,70976,2004,83400,TRUE
13021,3.62020206451416,70976,2005,90900,TRUE
13021,3.62020206451416,70976,2006,94100,TRUE
13033,3.568281888961792,8420,1998,60900,TRUE
13033,3.568281888961792,8420,1999,61900,TRUE
13033,3.568281888961792,8420,2000,67400,TRUE
13033,3.568281888961792,8420,2001,71200,TRUE
13033,3.568281888961792,8420,2002,68800,TRUE
13033,3.568281888961792,8420,2003,72800,TRUE
13033,3.568281888961792,8420,2004,78800,TRUE
13033,3.568281888961792,8420,2005,88900,TRUE
13033,3.568281888961792,8420,2006,85200,TRUE
13035,2.553698778152466,8544,1998,127700,TRUE
13035,2.553698778152466,8544,1999,125500,TRUE
13035,2.553698778152466,8544,2000,134200,TRUE
13035,2.553698778152466,8544,2001,135200,TRUE
13035,2.553698778152466,8544,2002,146200,TRUE
13035,2.553698778152466,8544,2003,153600,TRUE
13035,2.553698778152466,8544,2004,175200,TRUE
13035,2.553698778152466,8544,2005,189900,TRUE
13035,2.553698778152466,8544,2006,192200,TRUE
13045,2.553698778152466,36175,1998,66000,TRUE
13045,2.553698778152466,36175,1999,65800,TRUE
13045,2.553698778152466,36175,2000,66200,TRUE
13045,2.553698778152466,36175,2001,71800,TRUE
13045,2.553698778152466,36175,2002,73500,TRUE
13045,2.553698778152466,36175,2003,77600,TRUE
13045,2.553698778152466,36175,2004,80800,TRUE
13045,2.553698778152466,36175,2005,86900,TRUE
13045,2.553698778152466,36175,2006,90000,TRUE
13053,3.8502142429351807,1360,1998,84200,TRUE
13053,3.8502142429351807,1360,1999,84100,TRUE
13053,3.8502142429351807,1360,2000,83100,TRUE
13053,3.8502142429351807,1360,2001,88500,TRUE
13053,3.8502142429351807,1360,2002,94300,TRUE
13053,3.8502142429351807,1360,2003,105300,TRUE
13053,3.8502142429351807,1360,2004,114900,TRUE
13053,3.8502142429351807,1360,2005,127000,TRUE
13053,3.8502142429351807,1360,2006,130300,TRUE
13073,3.568281888961792,37926,1998,68700,TRUE
13073,3.568281888961792,37926,1999,75000,TRUE
13073,3.568281888961792,37926,2000,69700,TRUE
13073,3.568281888961792,37926,2001,77600,TRUE
13073,3.568281888961792,37926,2002,78600,TRUE
13073,3.568281888961792,37926,2003,82200,TRUE
13073,3.568281888961792,37926,2004,90800,TRUE
13073,3.568281888961792,37926,2005,94900,TRUE
13073,3.568281888961792,37926,2006,102600,TRUE
13077,2.553698778152466,33248,1998,73600,TRUE
13077,2.553698778152466,33248,1999,72300,TRUE
13077,2.553698778152466,33248,2000,75400,TRUE
13077,2.553698778152466,33248,2001,81100,TRUE
13077,2.553698778152466,33248,2002,84900,TRUE
13077,2.553698778152466,33248,2003,85400,TRUE
13077,2.553698778152466,33248,2004,89000,TRUE
13077,2.553698778152466,33248,2005,101400,TRUE
13077,2.553698778152466,33248,2006,100100,TRUE
13083,2.1130125522613525,5943,1998,49900,FALSE
13083,2.1130125522613525,5943,1999,45600,FALSE
13083,2.1130125522613525,5943,2000,53300,FALSE
13083,2.1130125522613525,5943,2001,58600,FALSE
13083,2.1130125522613525,5943,2002,59500,FALSE
13083,2.1130125522613525,5943,2003,67500,FALSE
13083,2.1130125522613525,5943,2004,68600,FALSE
13083,2.1130125522613525,5943,2005,71300,FALSE
13083,2.1130125522613525,5943,2006,72400,FALSE
13135,2.553698778152466,191265,1998,68400,TRUE
13135,2.553698778152466,191265,1999,64700,TRUE
13135,2.553698778152466,191265,2000,67400,TRUE
13135,2.553698778152466,191265,2001,72400,TRUE
13135,2.553698778152466,191265,2002,73900,TRUE
13135,2.553698778152466,191265,2003,87100,TRUE
13135,2.553698778152466,191265,2004,84800,TRUE
13135,2.553698778152466,191265,2005,92600,TRUE
13135,2.553698778152466,191265,2006,93300,TRUE
13143,2.553698778152466,10868,1998,60400,TRUE
13143,2.553698778152466,10868,1999,57100,TRUE
13143,2.553698778152466,10868,2000,59800,TRUE
13143,2.553698778152466,10868,2001,64300,TRUE
13143,2.553698778152466,10868,2002,59600,TRUE
13143,2.553698778152466,10868,2003,57700,TRUE
13143,2.553698778152466,10868,2004,66400,TRUE
13143,2.553698778152466,10868,2005,70400,TRUE
13143,2.553698778152466,10868,2006,70000,TRUE
13145,3.8502142429351807,8893,1998,56600,TRUE
13145,3.8502142429351807,8893,1999,53700,TRUE
13145,3.8502142429351807,8893,2000,66300,TRUE
13145,3.8502142429351807,8893,2001,62300,TRUE
13145,3.8502142429351807,8893,2002,68600,TRUE
13145,3.8502142429351807,8893,2003,73800,TRUE
13145,3.8502142429351807,8893,2004,73600,TRUE
13145,3.8502142429351807,8893,2005,75500,TRUE
13145,3.8502142429351807,8893,2006,80700,TRUE
16001,1.6927995681762695,119677,1998,NA,FALSE
16001,1.6927995681762695,119677,1999,91200,FALSE
16001,1.6927995681762695,119677,2000,96400,FALSE
16001,1.6927995681762695,119677,2001,105800,FALSE
16001,1.6927995681762695,119677,2002,107900,FALSE
16001,1.6927995681762695,119677,2003,110300,FALSE
16001,1.6927995681762695,119677,2004,119400,FALSE
16001,1.6927995681762695,119677,2005,122000,FALSE
16001,1.6927995681762695,119677,2006,123300,FALSE
17007,3.6844959259033203,15063,1998,136900,TRUE
17007,3.6844959259033203,15063,1999,136400,TRUE
17007,3.6844959259033203,15063,2000,145500,TRUE
17007,3.6844959259033203,15063,2001,147300,TRUE
17007,3.6844959259033203,15063,2002,153400,TRUE
17007,3.6844959259033203,15063,2003,166600,TRUE
17007,3.6844959259033203,15063,2004,171300,TRUE
17007,3.6844959259033203,15063,2005,190300,TRUE
17007,3.6844959259033203,15063,2006,205200,TRUE
17013,2.3558263778686523,2581,1998,100500,TRUE
17013,2.3558263778686523,2581,1999,101800,TRUE
17013,2.3558263778686523,2581,2000,100800,TRUE
17013,2.3558263778686523,2581,2001,107000,TRUE
17013,2.3558263778686523,2581,2002,113000,TRUE
17013,2.3558263778686523,2581,2003,117400,TRUE
17013,2.3558263778686523,2581,2004,125500,TRUE
17013,2.3558263778686523,2581,2005,135600,TRUE
17013,2.3558263778686523,2581,2006,147700,TRUE
17019,3.629077911376953,75324,1998,128700,TRUE
17019,3.629077911376953,75324,1999,134700,TRUE
17019,3.629077911376953,75324,2000,139100,TRUE
17019,3.629077911376953,75324,2001,140400,TRUE
17019,3.629077911376953,75324,2002,142800,TRUE
17019,3.629077911376953,75324,2003,152800,TRUE
17019,3.629077911376953,75324,2004,162800,TRUE
17019,3.629077911376953,75324,2005,185400,TRUE
17019,3.629077911376953,75324,2006,195800,TRUE
17043,0.8113738298416138,354545,1998,89600,FALSE
17043,0.8113738298416138,354545,1999,88100,FALSE
17043,0.8113738298416138,354545,2000,94400,FALSE
17043,0.8113738298416138,354545,2001,96800,FALSE
17043,0.8113738298416138,354545,2002,97200,FALSE
17043,0.8113738298416138,354545,2003,105300,FALSE
17043,0.8113738298416138,354545,2004,116500,FALSE
17043,0.8113738298416138,354545,2005,123000,FALSE
17043,0.8113738298416138,354545,2006,131500,FALSE
17053,3.629077911376953,6040,1998,91400,TRUE
17053,3.629077911376953,6040,1999,104000,TRUE
17053,3.629077911376953,6040,2000,98500,TRUE
17053,3.629077911376953,6040,2001,105200,TRUE
17053,3.629077911376953,6040,2002,109500,TRUE
17053,3.629077911376953,6040,2003,107600,TRUE
17053,3.629077911376953,6040,2004,117500,TRUE
17053,3.629077911376953,6040,2005,130100,TRUE
17053,3.629077911376953,6040,2006,142200,TRUE
17073,4.108745574951172,20826,1998,99400,TRUE
17073,4.108745574951172,20826,1999,103300,TRUE
17073,4.108745574951172,20826,2000,109900,TRUE
17073,4.108745574951172,20826,2001,109900,TRUE
17073,4.108745574951172,20826,2002,111500,TRUE
17073,4.108745574951172,20826,2003,118000,TRUE
17073,4.108745574951172,20826,2004,124000,TRUE
17073,4.108745574951172,20826,2005,132700,TRUE
17073,4.108745574951172,20826,2006,146300,TRUE
17111,0.8113738298416138,95891,1998,109600,FALSE
17111,0.8113738298416138,95891,1999,109900,FALSE
17111,0.8113738298416138,95891,2000,113400,FALSE
17111,0.8113738298416138,95891,2001,114800,FALSE
17111,0.8113738298416138,95891,2002,119700,FALSE
17111,0.8113738298416138,95891,2003,126100,FALSE
17111,0.8113738298416138,95891,2004,134200,FALSE
17111,0.8113738298416138,95891,2005,145800,FALSE
17111,0.8113738298416138,95891,2006,155500,FALSE
17113,3.402421474456787,60251,1998,68000,TRUE
17113,3.402421474456787,60251,1999,72300,TRUE
17113,3.402421474456787,60251,2000,73200,TRUE
17113,3.402421474456787,60251,2001,72800,TRUE
17113,3.402421474456787,60251,2002,76600,TRUE
17113,3.402421474456787,60251,2003,82900,TRUE
17113,3.402421474456787,60251,2004,82200,TRUE
17113,3.402421474456787,60251,2005,91600,TRUE
17113,3.402421474456787,60251,2006,99300,TRUE
17201,3.6844959259033203,114031,1998,NA,TRUE
17201,3.6844959259033203,114031,1999,NA,TRUE
17201,3.6844959259033203,114031,2000,NA,TRUE
17201,3.6844959259033203,114031,2001,NA,TRUE
17201,3.6844959259033203,114031,2002,NA,TRUE
17201,3.6844959259033203,114031,2003,NA,TRUE
17201,3.6844959259033203,114031,2004,NA,TRUE
17201,3.6844959259033203,114031,2005,NA,TRUE
17201,3.6844959259033203,114031,2006,NA,TRUE
18011,4.00382661819458,17425,1998,109800,TRUE
18011,4.00382661819458,17425,1999,111500,TRUE
18011,4.00382661819458,17425,2000,116600,TRUE
18011,4.00382661819458,17425,2001,122800,TRUE
18011,4.00382661819458,17425,2002,129200,TRUE
18011,4.00382661819458,17425,2003,140700,TRUE
18011,4.00382661819458,17425,2004,160200,TRUE
18011,4.00382661819458,17425,2005,186100,TRUE
18011,4.00382661819458,17425,2006,209900,TRUE
18013,4.00382661819458,5894,1998,98000,TRUE
18013,4.00382661819458,5894,1999,101300,TRUE
18013,4.00382661819458,5894,2000,106900,TRUE
18013,4.00382661819458,5894,2001,110000,TRUE
18013,4.00382661819458,5894,2002,115700,TRUE
18013,4.00382661819458,5894,2003,137100,TRUE
18013,4.00382661819458,5894,2004,156900,TRUE
18013,4.00382661819458,5894,2005,175300,TRUE
18013,4.00382661819458,5894,2006,203200,TRUE
18015,2.4840331077575684,6594,1998,77700,TRUE
18015,2.4840331077575684,6594,1999,81600,TRUE
18015,2.4840331077575684,6594,2000,84000,TRUE
18015,2.4840331077575684,6594,2001,85800,TRUE
18015,2.4840331077575684,6594,2002,92700,TRUE
18015,2.4840331077575684,6594,2003,103000,TRUE
18015,2.4840331077575684,6594,2004,113900,TRUE
18015,2.4840331077575684,6594,2005,133800,TRUE
18015,2.4840331077575684,6594,2006,151600,TRUE
18051,3.9929747581481934,14132,1998,162100,TRUE
18051,3.9929747581481934,14132,1999,165700,TRUE
18051,3.9929747581481934,14132,2000,180300,TRUE
18051,3.9929747581481934,14132,2001,184400,TRUE
18051,3.9929747581481934,14132,2002,195700,TRUE
18051,3.9929747581481934,14132,2003,220000,TRUE
18051,3.9929747581481934,14132,2004,245000,TRUE
18051,3.9929747581481934,14132,2005,282500,TRUE
18051,3.9929747581481934,14132,2006,310400,TRUE
18067,4.9113264083862305,38134,1998,112000,TRUE
18067,4.9113264083862305,38134,1999,114100,TRUE
18067,4.9113264083862305,38134,2000,117300,TRUE
18067,4.9113264083862305,38134,2001,120700,TRUE
18067,4.9113264083862305,38134,2002,129800,TRUE
18067,4.9113264083862305,38134,2003,141700,TRUE
18067,4.9113264083862305,38134,2004,157300,TRUE
18067,4.9113264083862305,38134,2005,179100,TRUE
18067,4.9113264083862305,38134,2006,196900,TRUE
18073,1.7368342876434326,12244,1998,140300,FALSE
18073,1.7368342876434326,12244,1999,143800,FALSE
18073,1.7368342876434326,12244,2000,150100,FALSE
18073,1.7368342876434326,12244,2001,159100,FALSE
18073,1.7368342876434326,12244,2002,173100,FALSE
18073,1.7368342876434326,12244,2003,196600,FALSE
18073,1.7368342876434326,12244,2004,220300,FALSE
18073,1.7368342876434326,12244,2005,250000,FALSE
18073,1.7368342876434326,12244,2006,264400,FALSE
18109,4.00382661819458,26197,1998,69400,TRUE
18109,4.00382661819458,26197,1999,69400,TRUE
18109,4.00382661819458,26197,2000,70400,TRUE
18109,4.00382661819458,26197,2001,75000,TRUE
18109,4.00382661819458,26197,2002,81100,TRUE
18109,4.00382661819458,26197,2003,83600,TRUE
18109,4.00382661819458,26197,2004,93300,TRUE
18109,4.00382661819458,26197,2005,108700,TRUE
18109,4.00382661819458,26197,2006,133900,TRUE
19013,4.427536964416504,51598,1998,40400,TRUE
19013,4.427536964416504,51598,1999,41800,TRUE
19013,4.427536964416504,51598,2000,41500,TRUE
19013,4.427536964416504,51598,2001,42500,TRUE
19013,4.427536964416504,51598,2002,45600,TRUE
19013,4.427536964416504,51598,2003,49000,TRUE
19013,4.427536964416504,51598,2004,52200,TRUE
19013,4.427536964416504,51598,2005,58600,TRUE
19013,4.427536964416504,51598,2006,61800,TRUE
19061,4.60555362701416,36935,1998,82700,TRUE
19061,4.60555362701416,36935,1999,86400,TRUE
19061,4.60555362701416,36935,2000,85900,TRUE
19061,4.60555362701416,36935,2001,89600,TRUE
19061,4.60555362701416,36935,2002,99600,TRUE
19061,4.60555362701416,36935,2003,108600,TRUE
19061,4.60555362701416,36935,2004,127200,TRUE
19061,4.60555362701416,36935,2005,140100,TRUE
19061,4.60555362701416,36935,2006,151300,TRUE
19075,4.427536964416504,4848,1998,146100,TRUE
19075,4.427536964416504,4848,1999,152900,TRUE
19075,4.427536964416504,4848,2000,158900,TRUE
19075,4.427536964416504,4848,2001,173500,TRUE
19075,4.427536964416504,4848,2002,195200,TRUE
19075,4.427536964416504,4848,2003,228800,TRUE
19075,4.427536964416504,4848,2004,262200,TRUE
19075,4.427536964416504,4848,2005,279800,TRUE
19075,4.427536964416504,4848,2006,297100,TRUE
19085,3.470304012298584,6691,1998,452300,TRUE
19085,3.470304012298584,6691,1999,479800,TRUE
19085,3.470304012298584,6691,2000,510500,TRUE
19085,3.470304012298584,6691,2001,561400,TRUE
19085,3.470304012298584,6691,2002,642400,TRUE
19085,3.470304012298584,6691,2003,721900,TRUE
19085,3.470304012298584,6691,2004,818600,TRUE
19085,3.470304012298584,6691,2005,929400,TRUE
19085,3.470304012298584,6691,2006,1002400,TRUE
19103,4.420404434204102,44655,1998,124200,TRUE
19103,4.420404434204102,44655,1999,141600,TRUE
19103,4.420404434204102,44655,2000,158200,TRUE
19103,4.420404434204102,44655,2001,194400,TRUE
19103,4.420404434204102,44655,2002,238400,TRUE
19103,4.420404434204102,44655,2003,278200,TRUE
19103,4.420404434204102,44655,2004,327200,TRUE
19103,4.420404434204102,44655,2005,372500,TRUE
19103,4.420404434204102,44655,2006,413900,TRUE
19121,3.6620333194732666,5559,1998,31800,TRUE
19121,3.6620333194732666,5559,1999,32500,TRUE
19121,3.6620333194732666,5559,2000,32400,TRUE
19121,3.6620333194732666,5559,2001,33700,TRUE
19121,3.6620333194732666,5559,2002,36300,TRUE
19121,3.6620333194732666,5559,2003,36200,TRUE
19121,3.6620333194732666,5559,2004,41200,TRUE
19121,3.6620333194732666,5559,2005,44700,TRUE
19121,3.6620333194732666,5559,2006,52700,TRUE
19129,3.470304012298584,5673,1998,61400,TRUE
19129,3.470304012298584,5673,1999,61100,TRUE
19129,3.470304012298584,5673,2000,65900,TRUE
19129,3.470304012298584,5673,2001,72800,TRUE
19129,3.470304012298584,5673,2002,88200,TRUE
19129,3.470304012298584,5673,2003,116400,TRUE
19129,3.470304012298584,5673,2004,150100,TRUE
19129,3.470304012298584,5673,2005,182300,TRUE
19129,3.470304012298584,5673,2006,194900,TRUE
19153,3.6620333194732666,159557,1998,70600,TRUE
19153,3.6620333194732666,159557,1999,72400,TRUE
19153,3.6620333194732666,159557,2000,75200,TRUE
19153,3.6620333194732666,159557,2001,75600,TRUE
19153,3.6620333194732666,159557,2002,81400,TRUE
19153,3.6620333194732666,159557,2003,85600,TRUE
19153,3.6620333194732666,159557,2004,98400,TRUE
19153,3.6620333194732666,159557,2005,129200,TRUE
19153,3.6620333194732666,159557,2006,131400,TRUE
20015,5.453317165374756,23083,1998,359400,TRUE
20015,5.453317165374756,23083,1999,379300,TRUE
20015,5.453317165374756,23083,2000,448600,TRUE
20015,5.453317165374756,23083,2001,516300,TRUE
20015,5.453317165374756,23083,2002,583600,TRUE
20015,5.453317165374756,23083,2003,658000,TRUE
20015,5.453317165374756,23083,2004,739200,TRUE
20015,5.453317165374756,23083,2005,809700,TRUE
20015,5.453317165374756,23083,2006,828700,TRUE
20121,3.190805196762085,10305,1998,147200,TRUE
20121,3.190805196762085,10305,1999,153400,TRUE
20121,3.190805196762085,10305,2000,165700,TRUE
20121,3.190805196762085,10305,2001,198700,TRUE
20121,3.190805196762085,10305,2002,228000,TRUE
20121,3.190805196762085,10305,2003,257300,TRUE
20121,3.190805196762085,10305,2004,319000,TRUE
20121,3.190805196762085,10305,2005,408400,TRUE
20121,3.190805196762085,10305,2006,410700,TRUE
20191,5.453317165374756,10010,1998,150800,TRUE
20191,5.453317165374756,10010,1999,161900,TRUE
20191,5.453317165374756,10010,2000,180400,TRUE
20191,5.453317165374756,10010,2001,212600,TRUE
20191,5.453317165374756,10010,2002,244900,TRUE
20191,5.453317165374756,10010,2003,271800,TRUE
20191,5.453317165374756,10010,2004,339100,TRUE
20191,5.453317165374756,10010,2005,427800,TRUE
20191,5.453317165374756,10010,2006,430600,TRUE
20197,4.438154697418213,2856,1998,357500,TRUE
20197,4.438154697418213,2856,1999,379900,TRUE
20197,4.438154697418213,2856,2000,455700,TRUE
20197,4.438154697418213,2856,2001,507400,TRUE
20197,4.438154697418213,2856,2002,535000,TRUE
20197,4.438154697418213,2856,2003,592000,TRUE
20197,4.438154697418213,2856,2004,701100,TRUE
20197,4.438154697418213,2856,2005,802700,TRUE
20197,4.438154697418213,2856,2006,830400,TRUE
21015,2.460951328277588,33620,1998,152400,TRUE
21015,2.460951328277588,33620,1999,157100,TRUE
21015,2.460951328277588,33620,2000,165500,TRUE
21015,2.460951328277588,33620,2001,170500,TRUE
21015,2.460951328277588,33620,2002,185400,TRUE
21015,2.460951328277588,33620,2003,210600,TRUE
21015,2.460951328277588,33620,2004,248200,TRUE
21015,2.460951328277588,33620,2005,303700,TRUE
21015,2.460951328277588,33620,2006,334700,TRUE
21017,2.6255812644958496,7991,1998,97000,TRUE
21017,2.6255812644958496,7991,1999,99100,TRUE
21017,2.6255812644958496,7991,2000,97600,TRUE
21017,2.6255812644958496,7991,2001,102500,TRUE
21017,2.6255812644958496,7991,2002,109800,TRUE
21017,2.6255812644958496,7991,2003,123100,TRUE
21017,2.6255812644958496,7991,2004,146900,TRUE
21017,2.6255812644958496,7991,2005,177300,TRUE
21017,2.6255812644958496,7991,2006,204900,TRUE
21029,2.3400092124938965,18465,1998,295400,FALSE
21029,2.3400092124938965,18465,1999,311900,FALSE
21029,2.3400092124938965,18465,2000,342000,FALSE
21029,2.3400092124938965,18465,2001,385100,FALSE
21029,2.3400092124938965,18465,2002,431200,FALSE
21029,2.3400092124938965,18465,2003,517600,FALSE
21029,2.3400092124938965,18465,2004,602800,FALSE
21029,2.3400092124938965,18465,2005,719300,FALSE
21029,2.3400092124938965,18465,2006,769700,FALSE
21037,2.460951328277588,36733,1998,158700,TRUE
21037,2.460951328277588,36733,1999,171900,TRUE
21037,2.460951328277588,36733,2000,177600,TRUE
21037,2.460951328277588,36733,2001,195900,TRUE
21037,2.460951328277588,36733,2002,222300,TRUE
21037,2.460951328277588,36733,2003,258000,TRUE
21037,2.460951328277588,36733,2004,310800,TRUE
21037,2.460951328277588,36733,2005,379100,TRUE
21037,2.460951328277588,36733,2006,423600,TRUE
21111,2.3400092124938965,312664,1998,227000,FALSE
21111,2.3400092124938965,312664,1999,237600,FALSE
21111,2.3400092124938965,312664,2000,253400,FALSE
21111,2.3400092124938965,312664,2001,268000,FALSE
21111,2.3400092124938965,312664,2002,300600,FALSE
21111,2.3400092124938965,312664,2003,337700,FALSE
21111,2.3400092124938965,312664,2004,399500,FALSE
21111,2.3400092124938965,312664,2005,473800,FALSE
21111,2.3400092124938965,312664,2006,516900,FALSE
21113,2.6255812644958496,14471,1998,139300,TRUE
21113,2.6255812644958496,14471,1999,140900,TRUE
21113,2.6255812644958496,14471,2000,147200,TRUE
21113,2.6255812644958496,14471,2001,154700,TRUE
21113,2.6255812644958496,14471,2002,175600,TRUE
21113,2.6255812644958496,14471,2003,202900,TRUE
21113,2.6255812644958496,14471,2004,246800,TRUE
21113,2.6255812644958496,14471,2005,307400,TRUE
21113,2.6255812644958496,14471,2006,340300,TRUE
21117,2.460951328277588,63158,1998,131700,TRUE
21117,2.460951328277588,63158,1999,136000,TRUE
21117,2.460951328277588,63158,2000,143000,TRUE
21117,2.460951328277588,63158,2001,151300,TRUE
21117,2.460951328277588,63158,2002,164000,TRUE
21117,2.460951328277588,63158,2003,180400,TRUE
21117,2.460951328277588,63158,2004,215800,TRUE
21117,2.460951328277588,63158,2005,269000,TRUE
21117,2.460951328277588,63158,2006,300400,TRUE
21163,2.3400092124938965,7272,1998,214600,FALSE
21163,2.3400092124938965,7272,1999,225600,FALSE
21163,2.3400092124938965,7272,2000,243300,FALSE
21163,2.3400092124938965,7272,2001,263200,FALSE
21163,2.3400092124938965,7272,2002,297600,FALSE
21163,2.3400092124938965,7272,2003,342400,FALSE
21163,2.3400092124938965,7272,2004,401700,FALSE
21163,2.3400092124938965,7272,2005,469800,FALSE
21163,2.3400092124938965,7272,2006,505000,FALSE
21209,2.6255812644958496,13420,1998,131600,TRUE
21209,2.6255812644958496,13420,1999,132000,TRUE
21209,2.6255812644958496,13420,2000,132700,TRUE
21209,2.6255812644958496,13420,2001,145100,TRUE
21209,2.6255812644958496,13420,2002,161000,TRUE
21209,2.6255812644958496,13420,2003,189400,TRUE
21209,2.6255812644958496,13420,2004,227100,TRUE
21209,2.6255812644958496,13420,2005,279200,TRUE
21209,2.6255812644958496,13420,2006,317200,TRUE
21211,2.3400092124938965,11942,1998,54400,FALSE
21211,2.3400092124938965,11942,1999,57500,FALSE
21211,2.3400092124938965,11942,2000,58700,FALSE
21211,2.3400092124938965,11942,2001,63800,FALSE
21211,2.3400092124938965,11942,2002,69800,FALSE
21211,2.3400092124938965,11942,2003,84300,FALSE
21211,2.3400092124938965,11942,2004,105900,FALSE
21211,2.3400092124938965,11942,2005,147900,FALSE
21211,2.3400092124938965,11942,2006,182200,FALSE
21215,2.3400092124938965,4327,1998,56400,FALSE
21215,2.3400092124938965,4327,1999,57500,FALSE
21215,2.3400092124938965,4327,2000,57200,FALSE
21215,2.3400092124938965,4327,2001,58200,FALSE
21215,2.3400092124938965,4327,2002,61900,FALSE
21215,2.3400092124938965,4327,2003,65300,FALSE
21215,2.3400092124938965,4327,2004,69900,FALSE
21215,2.3400092124938965,4327,2005,80500,FALSE
21215,2.3400092124938965,4327,2006,92800,FALSE
21223,2.3400092124938965,3366,1998,34400,FALSE
21223,2.3400092124938965,3366,1999,36100,FALSE
21223,2.3400092124938965,3366,2000,40100,FALSE
21223,2.3400092124938965,3366,2001,38700,FALSE
21223,2.3400092124938965,3366,2002,43500,FALSE
21223,2.3400092124938965,3366,2003,46700,FALSE
21223,2.3400092124938965,3366,2004,44500,FALSE
21223,2.3400092124938965,3366,2005,45800,FALSE
21223,2.3400092124938965,3366,2006,52300,FALSE
21239,2.6255812644958496,9264,1998,69200,TRUE
21239,2.6255812644958496,9264,1999,71800,TRUE
21239,2.6255812644958496,9264,2000,71700,TRUE
21239,2.6255812644958496,9264,2001,73300,TRUE
21239,2.6255812644958496,9264,2002,78200,TRUE
21239,2.6255812644958496,9264,2003,82700,TRUE
21239,2.6255812644958496,9264,2004,91400,TRUE
21239,2.6255812644958496,9264,2005,112200,TRUE
21239,2.6255812644958496,9264,2006,137800,TRUE
22033,1.7378802299499512,168589,1998,177600,FALSE
22033,1.7378802299499512,168589,1999,188700,FALSE
22033,1.7378802299499512,168589,2000,210500,FALSE
22033,1.7378802299499512,168589,2001,249800,FALSE
22033,1.7378802299499512,168589,2002,281500,FALSE
22033,1.7378802299499512,168589,2003,310600,FALSE
22033,1.7378802299499512,168589,2004,386400,FALSE
22033,1.7378802299499512,168589,2005,481600,FALSE
22033,1.7378802299499512,168589,2006,483600,FALSE
22043,7.148085594177246,8379,1998,183500,TRUE
22043,7.148085594177246,8379,1999,194500,TRUE
22043,7.148085594177246,8379,2000,220800,TRUE
22043,7.148085594177246,8379,2001,255300,TRUE
22043,7.148085594177246,8379,2002,298300,TRUE
22043,7.148085594177246,8379,2003,333800,TRUE
22043,7.148085594177246,8379,2004,418900,TRUE
22043,7.148085594177246,8379,2005,519500,TRUE
22043,7.148085594177246,8379,2006,532900,TRUE
22079,7.148085594177246,52564,1998,172600,TRUE
22079,7.148085594177246,52564,1999,183000,TRUE
22079,7.148085594177246,52564,2000,198800,TRUE
22079,7.148085594177246,52564,2001,226400,TRUE
22079,7.148085594177246,52564,2002,264600,TRUE
22079,7.148085594177246,52564,2003,305900,TRUE
22079,7.148085594177246,52564,2004,372100,TRUE
22079,7.148085594177246,52564,2005,473700,TRUE
22079,7.148085594177246,52564,2006,499200,TRUE
23005,1.4235410690307617,123321,1998,118500,FALSE
23005,1.4235410690307617,123321,1999,125900,FALSE
23005,1.4235410690307617,123321,2000,127500,FALSE
23005,1.4235410690307617,123321,2001,133900,FALSE
23005,1.4235410690307617,123321,2002,145300,FALSE
23005,1.4235410690307617,123321,2003,149500,FALSE
23005,1.4235410690307617,123321,2004,166100,FALSE
23005,1.4235410690307617,123321,2005,187400,FALSE
23005,1.4235410690307617,123321,2006,211500,FALSE
24013,1.2349457740783691,53126,1998,41100,FALSE
24013,1.2349457740783691,53126,1999,45000,FALSE
24013,1.2349457740783691,53126,2000,47400,FALSE
24013,1.2349457740783691,53126,2001,50800,FALSE
24013,1.2349457740783691,53126,2002,57500,FALSE
24013,1.2349457740783691,53126,2003,57400,FALSE
24013,1.2349457740783691,53126,2004,63200,FALSE
24013,1.2349457740783691,53126,2005,68500,FALSE
24013,1.2349457740783691,53126,2006,73800,FALSE
24015,1.9911681413650513,34461,1998,94600,FALSE
24015,1.9911681413650513,34461,1999,99200,FALSE
24015,1.9911681413650513,34461,2000,102700,FALSE
24015,1.9911681413650513,34461,2001,107400,FALSE
24015,1.9911681413650513,34461,2002,112700,FALSE
24015,1.9911681413650513,34461,2003,121400,FALSE
24015,1.9911681413650513,34461,2004,130600,FALSE
24015,1.9911681413650513,34461,2005,143800,FALSE
24015,1.9911681413650513,34461,2006,149600,FALSE
24017,1.6058274507522583,42804,1998,57500,FALSE
24017,1.6058274507522583,42804,1999,60000,FALSE
24017,1.6058274507522583,42804,2000,63800,FALSE
24017,1.6058274507522583,42804,2001,67200,FALSE
24017,1.6058274507522583,42804,2002,72700,FALSE
24017,1.6058274507522583,42804,2003,74700,FALSE
24017,1.6058274507522583,42804,2004,79600,FALSE
24017,1.6058274507522583,42804,2005,88200,FALSE
24017,1.6058274507522583,42804,2006,93000,FALSE
25015,1.5232977867126465,58827,1998,47300,FALSE
25015,1.5232977867126465,58827,1999,46600,FALSE
25015,1.5232977867126465,58827,2000,52600,FALSE
25015,1.5232977867126465,58827,2001,57100,FALSE
25015,1.5232977867126465,58827,2002,51100,FALSE
25015,1.5232977867126465,58827,2003,55300,FALSE
25015,1.5232977867126465,58827,2004,56600,FALSE
25015,1.5232977867126465,58827,2005,58100,FALSE
25015,1.5232977867126465,58827,2006,64900,FALSE
27009,2.5615320205688477,15725,1998,114800,TRUE
27009,2.5615320205688477,15725,1999,121100,TRUE
27009,2.5615320205688477,15725,2000,126700,TRUE
27009,2.5615320205688477,15725,2001,127300,TRUE
27009,2.5615320205688477,15725,2002,129900,TRUE
27009,2.5615320205688477,15725,2003,130800,TRUE
27009,2.5615320205688477,15725,2004,135900,TRUE
27009,2.5615320205688477,15725,2005,137100,TRUE
27009,2.5615320205688477,15725,2006,142000,TRUE
27019,1.4473755359649658,23597,1998,105000,FALSE
27019,1.4473755359649658,23597,1999,109400,FALSE
27019,1.4473755359649658,23597,2000,115300,FALSE
27019,1.4473755359649658,23597,2001,115300,FALSE
27019,1.4473755359649658,23597,2002,116700,FALSE
27019,1.4473755359649658,23597,2003,121000,FALSE
27019,1.4473755359649658,23597,2004,122500,FALSE
27019,1.4473755359649658,23597,2005,126300,FALSE
27019,1.4473755359649658,23597,2006,135500,FALSE
27025,1.4473755359649658,18347,1998,NA,FALSE
27025,1.4473755359649658,18347,1999,NA,FALSE
27025,1.4473755359649658,18347,2000,NA,FALSE
27025,1.4473755359649658,18347,2001,NA,FALSE
27025,1.4473755359649658,18347,2002,NA,FALSE
27025,1.4473755359649658,18347,2003,NA,FALSE
27025,1.4473755359649658,18347,2004,NA,FALSE
27025,1.4473755359649658,18347,2005,NA,FALSE
27025,1.4473755359649658,18347,2006,NA,FALSE
28127,3.0016486644744873,11342,1998,84800,TRUE
28127,3.0016486644744873,11342,1999,89600,TRUE
28127,3.0016486644744873,11342,2000,92600,TRUE
28127,3.0016486644744873,11342,2001,106500,TRUE
28127,3.0016486644744873,11342,2002,101800,TRUE
28127,3.0016486644744873,11342,2003,100800,TRUE
28127,3.0016486644744873,11342,2004,107300,TRUE
28127,3.0016486644744873,11342,2005,110500,TRUE
28127,3.0016486644744873,11342,2006,122200,TRUE
28137,1.7646465301513672,8718,1998,96600,FALSE
28137,1.7646465301513672,8718,1999,107500,FALSE
28137,1.7646465301513672,8718,2000,110100,FALSE
28137,1.7646465301513672,8718,2001,129200,FALSE
28137,1.7646465301513672,8718,2002,117800,FALSE
28137,1.7646465301513672,8718,2003,109700,FALSE
28137,1.7646465301513672,8718,2004,123800,FALSE
28137,1.7646465301513672,8718,2005,123400,FALSE
28137,1.7646465301513672,8718,2006,134100,FALSE
29047,3.190805196762085,78224,1998,58300,TRUE
29047,3.190805196762085,78224,1999,63900,TRUE
29047,3.190805196762085,78224,2000,69200,TRUE
29047,3.190805196762085,78224,2001,68900,TRUE
29047,3.190805196762085,78224,2002,71300,TRUE
29047,3.190805196762085,78224,2003,75800,TRUE
29047,3.190805196762085,78224,2004,78100,TRUE
29047,3.190805196762085,78224,2005,84500,TRUE
29047,3.190805196762085,78224,2006,90800,TRUE
29059,3.5972418785095215,7272,1998,57900,TRUE
29059,3.5972418785095215,7272,1999,52600,TRUE
29059,3.5972418785095215,7272,2000,65000,TRUE
29059,3.5972418785095215,7272,2001,64800,TRUE
29059,3.5972418785095215,7272,2002,73500,TRUE
29059,3.5972418785095215,7272,2003,69400,TRUE
29059,3.5972418785095215,7272,2004,70500,TRUE
29059,3.5972418785095215,7272,2005,82300,TRUE
29059,3.5972418785095215,7272,2006,87900,TRUE
29107,3.190805196762085,14031,1998,45300,TRUE
29107,3.190805196762085,14031,1999,43500,TRUE
29107,3.190805196762085,14031,2000,52600,TRUE
29107,3.190805196762085,14031,2001,49200,TRUE
29107,3.190805196762085,14031,2002,48100,TRUE
29107,3.190805196762085,14031,2003,59500,TRUE
29107,3.190805196762085,14031,2004,57200,TRUE
29107,3.190805196762085,14031,2005,58000,TRUE
29107,3.190805196762085,14031,2006,58000,TRUE
29510,2.3558263778686523,171253,1998,53700,TRUE
29510,2.3558263778686523,171253,1999,58700,TRUE
29510,2.3558263778686523,171253,2000,63600,TRUE
29510,2.3558263778686523,171253,2001,62300,TRUE
29510,2.3558263778686523,171253,2002,67000,TRUE
29510,2.3558263778686523,171253,2003,74500,TRUE
29510,2.3558263778686523,171253,2004,69100,TRUE
29510,2.3558263778686523,171253,2005,83800,TRUE
29510,2.3558263778686523,171253,2006,95900,TRUE
30009,3.0621299743652344,5370,1998,151000,TRUE
30009,3.0621299743652344,5370,1999,161500,TRUE
30009,3.0621299743652344,5370,2000,175000,TRUE
30009,3.0621299743652344,5370,2001,183200,TRUE
30009,3.0621299743652344,5370,2002,192800,TRUE
30009,3.0621299743652344,5370,2003,197900,TRUE
30009,3.0621299743652344,5370,2004,206900,TRUE
30009,3.0621299743652344,5370,2005,221200,TRUE
30009,3.0621299743652344,5370,2006,235500,TRUE
30013,3.072524070739746,35220,1998,127800,TRUE
30013,3.072524070739746,35220,1999,135200,TRUE
30013,3.072524070739746,35220,2000,141700,TRUE
30013,3.072524070739746,35220,2001,145500,TRUE
30013,3.072524070739746,35220,2002,152100,TRUE
30013,3.072524070739746,35220,2003,155100,TRUE
30013,3.072524070739746,35220,2004,159200,TRUE
30013,3.072524070739746,35220,2005,161300,TRUE
30013,3.072524070739746,35220,2006,168600,TRUE
32003,1.3854960203170776,559550,1998,147700,FALSE
32003,1.3854960203170776,559550,1999,154800,FALSE
32003,1.3854960203170776,559550,2000,161600,FALSE
32003,1.3854960203170776,559550,2001,170200,FALSE
32003,1.3854960203170776,559550,2002,179400,FALSE
32003,1.3854960203170776,559550,2003,196800,FALSE
32003,1.3854960203170776,559550,2004,214700,FALSE
32003,1.3854960203170776,559550,2005,246800,FALSE
32003,1.3854960203170776,559550,2006,289500,FALSE
35043,2.112380027770996,35984,1998,161200,FALSE
35043,2.112380027770996,35984,1999,162500,FALSE
35043,2.112380027770996,35984,2000,172000,FALSE
35043,2.112380027770996,35984,2001,182200,FALSE
35043,2.112380027770996,35984,2002,181300,FALSE
35043,2.112380027770996,35984,2003,190000,FALSE
35043,2.112380027770996,35984,2004,197600,FALSE
35043,2.112380027770996,35984,2005,208800,FALSE
35043,2.112380027770996,35984,2006,222500,FALSE
35061,2.112380027770996,25476,1998,42000,FALSE
35061,2.112380027770996,25476,1999,45100,FALSE
35061,2.112380027770996,25476,2000,46400,FALSE
35061,2.112380027770996,25476,2001,51200,FALSE
35061,2.112380027770996,25476,2002,51200,FALSE
35061,2.112380027770996,25476,2003,53800,FALSE
35061,2.112380027770996,25476,2004,51700,FALSE
35061,2.112380027770996,25476,2005,57600,FALSE
35061,2.112380027770996,25476,2006,60000,FALSE
36051,1.403616189956665,24990,1998,NA,FALSE
36051,1.403616189956665,24990,1999,77400,FALSE
36051,1.403616189956665,24990,2000,82900,FALSE
36051,1.403616189956665,24990,2001,80400,FALSE
36051,1.403616189956665,24990,2002,83000,FALSE
36051,1.403616189956665,24990,2003,86600,FALSE
36051,1.403616189956665,24990,2004,90000,FALSE
36051,1.403616189956665,24990,2005,98500,FALSE
36051,1.403616189956665,24990,2006,95400,FALSE
36107,2.2594265937805176,21423,1998,57300,FALSE
36107,2.2594265937805176,21423,1999,50200,FALSE
36107,2.2594265937805176,21423,2000,53100,FALSE
36107,2.2594265937805176,21423,2001,55800,FALSE
36107,2.2594265937805176,21423,2002,55500,FALSE
36107,2.2594265937805176,21423,2003,53500,FALSE
36107,2.2594265937805176,21423,2004,57600,FALSE
36107,2.2594265937805176,21423,2005,61000,FALSE
36107,2.2594265937805176,21423,2006,62200,FALSE
36117,1.403616189956665,39846,1998,108900,FALSE
36117,1.403616189956665,39846,1999,118100,FALSE
36117,1.403616189956665,39846,2000,119400,FALSE
36117,1.403616189956665,39846,2001,116100,FALSE
36117,1.403616189956665,39846,2002,119600,FALSE
36117,1.403616189956665,39846,2003,125900,FALSE
36117,1.403616189956665,39846,2004,124900,FALSE
36117,1.403616189956665,39846,2005,133500,FALSE
36117,1.403616189956665,39846,2006,148200,FALSE
37025,3.0920333862304688,57893,1998,74100,TRUE
37025,3.0920333862304688,57893,1999,76100,TRUE
37025,3.0920333862304688,57893,2000,79900,TRUE
37025,3.0920333862304688,57893,2001,81100,TRUE
37025,3.0920333862304688,57893,2002,84400,TRUE
37025,3.0920333862304688,57893,2003,87100,TRUE
37025,3.0920333862304688,57893,2004,88000,TRUE
37025,3.0920333862304688,57893,2005,103800,TRUE
37025,3.0920333862304688,57893,2006,106900,TRUE
37027,2.4136905670166016,32939,1998,270100,TRUE
37027,2.4136905670166016,32939,1999,285300,TRUE
37027,2.4136905670166016,32939,2000,297800,TRUE
37027,2.4136905670166016,32939,2001,296500,TRUE
37027,2.4136905670166016,32939,2002,304300,TRUE
37027,2.4136905670166016,32939,2003,317400,TRUE
37027,2.4136905670166016,32939,2004,331900,TRUE
37027,2.4136905670166016,32939,2005,359600,TRUE
37027,2.4136905670166016,32939,2006,414300,TRUE
37035,2.4136905670166016,62753,1998,94500,TRUE
37035,2.4136905670166016,62753,1999,102800,TRUE
37035,2.4136905670166016,62753,2000,104500,TRUE
37035,2.4136905670166016,62753,2001,104900,TRUE
37035,2.4136905670166016,62753,2002,119800,TRUE
37035,2.4136905670166016,62753,2003,115500,TRUE
37035,2.4136905670166016,62753,2004,122900,TRUE
37035,2.4136905670166016,62753,2005,126600,TRUE
37035,2.4136905670166016,62753,2006,133900,TRUE
37037,2.1094141006469727,15845,1998,95800,FALSE
37037,2.1094141006469727,15845,1999,99500,FALSE
37037,2.1094141006469727,15845,2000,100600,FALSE
37037,2.1094141006469727,15845,2001,101500,FALSE
37037,2.1094141006469727,15845,2002,106700,FALSE
37037,2.1094141006469727,15845,2003,109100,FALSE
37037,2.1094141006469727,15845,2004,113300,FALSE
37037,2.1094141006469727,15845,2005,122300,FALSE
37037,2.1094141006469727,15845,2006,130000,FALSE
37051,2.7050788402557373,121623,1998,67300,TRUE
37051,2.7050788402557373,121623,1999,72800,TRUE
37051,2.7050788402557373,121623,2000,75800,TRUE
37051,2.7050788402557373,121623,2001,86900,TRUE
37051,2.7050788402557373,121623,2002,83900,TRUE
37051,2.7050788402557373,121623,2003,84100,TRUE
37051,2.7050788402557373,121623,2004,89200,TRUE
37051,2.7050788402557373,121623,2005,91100,TRUE
37051,2.7050788402557373,121623,2006,102400,TRUE
37087,1.5458176136016846,28625,1998,115600,FALSE
37087,1.5458176136016846,28625,1999,123000,FALSE
37087,1.5458176136016846,28625,2000,126700,FALSE
37087,1.5458176136016846,28625,2001,128100,FALSE
37087,1.5458176136016846,28625,2002,131900,FALSE
37087,1.5458176136016846,28625,2003,134600,FALSE
37087,1.5458176136016846,28625,2004,140700,FALSE
37087,1.5458176136016846,28625,2005,149300,FALSE
37087,1.5458176136016846,28625,2006,160300,FALSE
37115,1.5458176136016846,9986,1998,84000,FALSE
37115,1.5458176136016846,9986,1999,86600,FALSE
37115,1.5458176136016846,9986,2000,91400,FALSE
37115,1.5458176136016846,9986,2001,93400,FALSE
37115,1.5458176136016846,9986,2002,97200,FALSE
37115,1.5458176136016846,9986,2003,98500,FALSE
37115,1.5458176136016846,9986,2004,104500,FALSE
37115,1.5458176136016846,9986,2005,111400,FALSE
37115,1.5458176136016846,9986,2006,119100,FALSE
37127,3.0798628330230713,38151,1998,106000,TRUE
37127,3.0798628330230713,38151,1999,112000,TRUE
37127,3.0798628330230713,38151,2000,117600,TRUE
37127,3.0798628330230713,38151,2001,119500,TRUE
37127,3.0798628330230713,38151,2002,121800,TRUE
37127,3.0798628330230713,38151,2003,124800,TRUE
37127,3.0798628330230713,38151,2004,131400,TRUE
37127,3.0798628330230713,38151,2005,138900,TRUE
37127,3.0798628330230713,38151,2006,148600,TRUE
37135,2.1094141006469727,50433,1998,177400,FALSE
37135,2.1094141006469727,50433,1999,189500,FALSE
37135,2.1094141006469727,50433,2000,193800,FALSE
37135,2.1094141006469727,50433,2001,206400,FALSE
37135,2.1094141006469727,50433,2002,208900,FALSE
37135,2.1094141006469727,50433,2003,223100,FALSE
37135,2.1094141006469727,50433,2004,223800,FALSE
37135,2.1094141006469727,50433,2005,246700,FALSE
37135,2.1094141006469727,50433,2006,283100,FALSE
37145,2.1094141006469727,14833,1998,71800,FALSE
37145,2.1094141006469727,14833,1999,70900,FALSE
37145,2.1094141006469727,14833,2000,75100,FALSE
37145,2.1094141006469727,14833,2001,75600,FALSE
37145,2.1094141006469727,14833,2002,73000,FALSE
37145,2.1094141006469727,14833,2003,81500,FALSE
37145,2.1094141006469727,14833,2004,79300,FALSE
37145,2.1094141006469727,14833,2005,83500,FALSE
37145,2.1094141006469727,14833,2006,95400,FALSE
37179,3.0920333862304688,45630,1998,151900,TRUE
37179,3.0920333862304688,45630,1999,158900,TRUE
37179,3.0920333862304688,45630,2000,161900,TRUE
37179,3.0920333862304688,45630,2001,165800,TRUE
37179,3.0920333862304688,45630,2002,166100,TRUE
37179,3.0920333862304688,45630,2003,173500,TRUE
37179,3.0920333862304688,45630,2004,179000,TRUE
37179,3.0920333862304688,45630,2005,192600,TRUE
37179,3.0920333862304688,45630,2006,217100,TRUE
37191,3.119624614715576,48029,1998,88300,TRUE
37191,3.119624614715576,48029,1999,91100,TRUE
37191,3.119624614715576,48029,2000,93800,TRUE
37191,3.119624614715576,48029,2001,95300,TRUE
37191,3.119624614715576,48029,2002,96600,TRUE
37191,3.119624614715576,48029,2003,102500,TRUE
37191,3.119624614715576,48029,2004,105200,TRUE
37191,3.119624614715576,48029,2005,113700,TRUE
37191,3.119624614715576,48029,2006,118200,TRUE
38015,3.464906930923462,28755,1998,75400,TRUE
38015,3.464906930923462,28755,1999,79500,TRUE
38015,3.464906930923462,28755,2000,84100,TRUE
38015,3.464906930923462,28755,2001,86900,TRUE
38015,3.464906930923462,28755,2002,83200,TRUE
38015,3.464906930923462,28755,2003,91500,TRUE
38015,3.464906930923462,28755,2004,90300,TRUE
38015,3.464906930923462,28755,2005,92800,TRUE
38015,3.464906930923462,28755,2006,104000,TRUE
38017,5.975259780883789,53868,1998,194300,TRUE
38017,5.975259780883789,53868,1999,206100,TRUE
38017,5.975259780883789,53868,2000,214500,TRUE
38017,5.975259780883789,53868,2001,216700,TRUE
38017,5.975259780883789,53868,2002,220800,TRUE
38017,5.975259780883789,53868,2003,228800,TRUE
38017,5.975259780883789,53868,2004,238200,TRUE
38017,5.975259780883789,53868,2005,252500,TRUE
38017,5.975259780883789,53868,2006,263800,TRUE
38059,3.464906930923462,11054,1998,58800,TRUE
38059,3.464906930923462,11054,1999,60500,TRUE
38059,3.464906930923462,11054,2000,62200,TRUE
38059,3.464906930923462,11054,2001,62900,TRUE
38059,3.464906930923462,11054,2002,59800,TRUE
38059,3.464906930923462,11054,2003,60400,TRUE
38059,3.464906930923462,11054,2004,64900,TRUE
38059,3.464906930923462,11054,2005,68100,TRUE
38059,3.464906930923462,11054,2006,73000,TRUE
41051,1.0669581890106201,292994,1998,116400,FALSE
41051,1.0669581890106201,292994,1999,119600,FALSE
41051,1.0669581890106201,292994,2000,125000,FALSE
41051,1.0669581890106201,292994,2001,131900,FALSE
41051,1.0669581890106201,292994,2002,132000,FALSE
41051,1.0669581890106201,292994,2003,138800,FALSE
41051,1.0669581890106201,292994,2004,145400,FALSE
41051,1.0669581890106201,292994,2005,149900,FALSE
41051,1.0669581890106201,292994,2006,151900,FALSE
41071,1.0669581890106201,30434,1998,66800,FALSE
41071,1.0669581890106201,30434,1999,66200,FALSE
41071,1.0669581890106201,30434,2000,69800,FALSE
41071,1.0669581890106201,30434,2001,74100,FALSE
41071,1.0669581890106201,30434,2002,75000,FALSE
41071,1.0669581890106201,30434,2003,77900,FALSE
41071,1.0669581890106201,30434,2004,85600,FALSE
41071,1.0669581890106201,30434,2005,88500,FALSE
41071,1.0669581890106201,30434,2006,87900,FALSE
44001,1.6055467128753662,19881,1998,124800,FALSE
44001,1.6055467128753662,19881,1999,130800,FALSE
44001,1.6055467128753662,19881,2000,139600,FALSE
44001,1.6055467128753662,19881,2001,140200,FALSE
44001,1.6055467128753662,19881,2002,140700,FALSE
44001,1.6055467128753662,19881,2003,146000,FALSE
44001,1.6055467128753662,19881,2004,151700,FALSE
44001,1.6055467128753662,19881,2005,156500,FALSE
44001,1.6055467128753662,19881,2006,156100,FALSE
45015,1.1964433193206787,45009,1998,71900,FALSE
45015,1.1964433193206787,45009,1999,73400,FALSE
45015,1.1964433193206787,45009,2000,78700,FALSE
45015,1.1964433193206787,45009,2001,80600,FALSE
45015,1.1964433193206787,45009,2002,84300,FALSE
45015,1.1964433193206787,45009,2003,89400,FALSE
45015,1.1964433193206787,45009,2004,91200,FALSE
45015,1.1964433193206787,45009,2005,94600,FALSE
45015,1.1964433193206787,45009,2006,97300,FALSE
45039,2.640273094177246,10032,1998,139200,TRUE
45039,2.640273094177246,10032,1999,146300,TRUE
45039,2.640273094177246,10032,2000,154800,TRUE
45039,2.640273094177246,10032,2001,158800,TRUE
45039,2.640273094177246,10032,2002,160800,TRUE
45039,2.640273094177246,10032,2003,168100,TRUE
45039,2.640273094177246,10032,2004,173400,TRUE
45039,2.640273094177246,10032,2005,180000,TRUE
45039,2.640273094177246,10032,2006,188300,TRUE
47043,2.2373788356781006,18079,1998,75300,FALSE
47043,2.2373788356781006,18079,1999,75500,FALSE
47043,2.2373788356781006,18079,2000,78000,FALSE
47043,2.2373788356781006,18079,2001,84200,FALSE
47043,2.2373788356781006,18079,2002,83400,FALSE
47043,2.2373788356781006,18079,2003,88100,FALSE
47043,2.2373788356781006,18079,2004,86800,FALSE
47043,2.2373788356781006,18079,2005,102100,FALSE
47043,2.2373788356781006,18079,2006,91100,FALSE
48009,3.8691675662994385,3023,1998,266300,TRUE
48009,3.8691675662994385,3023,1999,285100,TRUE
48009,3.8691675662994385,3023,2000,323800,TRUE
48009,3.8691675662994385,3023,2001,346900,TRUE
48009,3.8691675662994385,3023,2002,345600,TRUE
48009,3.8691675662994385,3023,2003,378500,TRUE
48009,3.8691675662994385,3023,2004,373800,TRUE
48009,3.8691675662994385,3023,2005,387500,TRUE
48009,3.8691675662994385,3023,2006,383800,TRUE
48015,2.3022217750549316,10910,1998,88200,FALSE
48015,2.3022217750549316,10910,1999,97700,FALSE
48015,2.3022217750549316,10910,2000,106400,FALSE
48015,2.3022217750549316,10910,2001,112700,FALSE
48015,2.3022217750549316,10910,2002,114200,FALSE
48015,2.3022217750549316,10910,2003,119200,FALSE
48015,2.3022217750549316,10910,2004,122800,FALSE
48015,2.3022217750549316,10910,2005,125400,FALSE
48015,2.3022217750549316,10910,2006,118200,FALSE
48021,3.002908945083618,22714,1998,78500,TRUE
48021,3.002908945083618,22714,1999,89000,TRUE
48021,3.002908945083618,22714,2000,99600,TRUE
48021,3.002908945083618,22714,2001,108600,TRUE
48021,3.002908945083618,22714,2002,105800,TRUE
48021,3.002908945083618,22714,2003,113300,TRUE
48021,3.002908945083618,22714,2004,116700,TRUE
48021,3.002908945083618,22714,2005,122200,TRUE
48021,3.002908945083618,22714,2006,118400,TRUE
48027,4.589779376983643,94876,1998,134800,TRUE
48027,4.589779376983643,94876,1999,140200,TRUE
48027,4.589779376983643,94876,2000,142300,TRUE
48027,4.589779376983643,94876,2001,142400,TRUE
48027,4.589779376983643,94876,2002,144700,TRUE
48027,4.589779376983643,94876,2003,162100,TRUE
48027,4.589779376983643,94876,2004,161700,TRUE
48027,4.589779376983643,94876,2005,175700,TRUE
48027,4.589779376983643,94876,2006,169400,TRUE
48039,2.3022217750549316,93466,1998,102400,FALSE
48039,2.3022217750549316,93466,1999,117000,FALSE
48039,2.3022217750549316,93466,2000,123100,FALSE
48039,2.3022217750549316,93466,2001,122800,FALSE
48039,2.3022217750549316,93466,2002,126600,FALSE
48039,2.3022217750549316,93466,2003,133000,FALSE
48039,2.3022217750549316,93466,2004,133600,FALSE
48039,2.3022217750549316,93466,2005,139000,FALSE
48039,2.3022217750549316,93466,2006,134200,FALSE
48059,3.09485125541687,5646,1998,116200,TRUE
48059,3.09485125541687,5646,1999,124500,TRUE
48059,3.09485125541687,5646,2000,133900,TRUE
48059,3.09485125541687,5646,2001,139200,TRUE
48059,3.09485125541687,5646,2002,145700,TRUE
48059,3.09485125541687,5646,2003,148700,TRUE
48059,3.09485125541687,5646,2004,156600,TRUE
48059,3.09485125541687,5646,2005,153500,TRUE
48059,3.09485125541687,5646,2006,156100,TRUE
48065,3.4720654487609863,2709,1998,195100,TRUE
48065,3.4720654487609863,2709,1999,202200,TRUE
48065,3.4720654487609863,2709,2000,227800,TRUE
48065,3.4720654487609863,2709,2001,223200,TRUE
48065,3.4720654487609863,2709,2002,233800,TRUE
48065,3.4720654487609863,2709,2003,238400,TRUE
48065,3.4720654487609863,2709,2004,250800,TRUE
48065,3.4720654487609863,2709,2005,255500,TRUE
48065,3.4720654487609863,2709,2006,248200,TRUE
48071,2.3022217750549316,5777,1998,101200,FALSE
48071,2.3022217750549316,5777,1999,110200,FALSE
48071,2.3022217750549316,5777,2000,118600,FALSE
48071,2.3022217750549316,5777,2001,127000,FALSE
48071,2.3022217750549316,5777,2002,129600,FALSE
48071,2.3022217750549316,5777,2003,133600,FALSE
48071,2.3022217750549316,5777,2004,138800,FALSE
48071,2.3022217750549316,5777,2005,140900,FALSE
48071,2.3022217750549316,5777,2006,139000,FALSE
48085,2.1753199100494385,202400,1998,199200,FALSE
48085,2.1753199100494385,202400,1999,211700,FALSE
48085,2.1753199100494385,202400,2000,229000,FALSE
48085,2.1753199100494385,202400,2001,240000,FALSE
48085,2.1753199100494385,202400,2002,250000,FALSE
48085,2.1753199100494385,202400,2003,257000,FALSE
48085,2.1753199100494385,202400,2004,264000,FALSE
48085,2.1753199100494385,202400,2005,272200,FALSE
48085,2.1753199100494385,202400,2006,261600,FALSE
48091,2.9820375442504883,36031,1998,84700,TRUE
48091,2.9820375442504883,36031,1999,93700,TRUE
48091,2.9820375442504883,36031,2000,100600,TRUE
48091,2.9820375442504883,36031,2001,103300,TRUE
48091,2.9820375442504883,36031,2002,112100,TRUE
48091,2.9820375442504883,36031,2003,115000,TRUE
48091,2.9820375442504883,36031,2004,117900,TRUE
48091,2.9820375442504883,36031,2005,118200,TRUE
48091,2.9820375442504883,36031,2006,113600,TRUE
48141,2.3477885723114014,224447,1998,57200,TRUE
48141,2.3477885723114014,224447,1999,70200,TRUE
48141,2.3477885723114014,224447,2000,71000,TRUE
48141,2.3477885723114014,224447,2001,78000,TRUE
48141,2.3477885723114014,224447,2002,82800,TRUE
48141,2.3477885723114014,224447,2003,87400,TRUE
48141,2.3477885723114014,224447,2004,89000,TRUE
48141,2.3477885723114014,224447,2005,93600,TRUE
48141,2.3477885723114014,224447,2006,91500,TRUE
48157,2.3022217750549316,109353,1998,76300,FALSE
48157,2.3022217750549316,109353,1999,85800,FALSE
48157,2.3022217750549316,109353,2000,89700,FALSE
48157,2.3022217750549316,109353,2001,98800,FALSE
48157,2.3022217750549316,109353,2002,101000,FALSE
48157,2.3022217750549316,109353,2003,114400,FALSE
48157,2.3022217750549316,109353,2004,132300,FALSE
48157,2.3022217750549316,109353,2005,124900,FALSE
48157,2.3022217750549316,109353,2006,113900,FALSE
48167,2.3022217750549316,117173,1998,225000,FALSE
48167,2.3022217750549316,117173,1999,238500,FALSE
48167,2.3022217750549316,117173,2000,253900,FALSE
48167,2.3022217750549316,117173,2001,270100,FALSE
48167,2.3022217750549316,117173,2002,275500,FALSE
48167,2.3022217750549316,117173,2003,280600,FALSE
48167,2.3022217750549316,117173,2004,294300,FALSE
48167,2.3022217750549316,117173,2005,300300,FALSE
48167,2.3022217750549316,117173,2006,282400,FALSE
48183,4.746809959411621,55056,1998,130900,TRUE
48183,4.746809959411621,55056,1999,140000,TRUE
48183,4.746809959411621,55056,2000,146800,TRUE
48183,4.746809959411621,55056,2001,155200,TRUE
48183,4.746809959411621,55056,2002,162400,TRUE
48183,4.746809959411621,55056,2003,167900,TRUE
48183,4.746809959411621,55056,2004,167500,TRUE
48183,4.746809959411621,55056,2005,169700,TRUE
48183,4.746809959411621,55056,2006,164600,TRUE
48187,2.9820375442504883,28911,1998,171400,TRUE
48187,2.9820375442504883,28911,1999,185000,TRUE
48187,2.9820375442504883,28911,2000,196600,TRUE
48187,2.9820375442504883,28911,2001,210800,TRUE
48187,2.9820375442504883,28911,2002,218200,TRUE
48187,2.9820375442504883,28911,2003,227700,TRUE
48187,2.9820375442504883,28911,2004,228700,TRUE
48187,2.9820375442504883,28911,2005,237200,TRUE
48187,2.9820375442504883,28911,2006,228100,TRUE
48201,2.3022217750549316,1305301,1998,80000,FALSE
48201,2.3022217750549316,1305301,1999,84900,FALSE
48201,2.3022217750549316,1305301,2000,95700,FALSE
48201,2.3022217750549316,1305301,2001,93700,FALSE
48201,2.3022217750549316,1305301,2002,97800,FALSE
48201,2.3022217750549316,1305301,2003,101500,FALSE
48201,2.3022217750549316,1305301,2004,104300,FALSE
48201,2.3022217750549316,1305301,2005,106500,FALSE
48201,2.3022217750549316,1305301,2006,98900,FALSE
48209,3.002908945083618,39217,1998,63200,TRUE
48209,3.002908945083618,39217,1999,55200,TRUE
48209,3.002908945083618,39217,2000,59400,TRUE
48209,3.002908945083618,39217,2001,57000,TRUE
48209,3.002908945083618,39217,2002,61200,TRUE
48209,3.002908945083618,39217,2003,64100,TRUE
48209,3.002908945083618,39217,2004,67700,TRUE
48209,3.002908945083618,39217,2005,72100,TRUE
48209,3.002908945083618,39217,2006,68800,TRUE
48367,2.7976818084716797,30918,1998,229900,TRUE
48367,2.7976818084716797,30918,1999,244700,TRUE
48367,2.7976818084716797,30918,2000,259200,TRUE
48367,2.7976818084716797,30918,2001,263600,TRUE
48367,2.7976818084716797,30918,2002,281000,TRUE
48367,2.7976818084716797,30918,2003,286900,TRUE
48367,2.7976818084716797,30918,2004,295500,TRUE
48367,2.7976818084716797,30918,2005,301800,TRUE
48367,2.7976818084716797,30918,2006,289200,TRUE
48375,3.4720654487609863,43780,1998,186600,TRUE
48375,3.4720654487609863,43780,1999,197500,TRUE
48375,3.4720654487609863,43780,2000,216600,TRUE
48375,3.4720654487609863,43780,2001,230700,TRUE
48375,3.4720654487609863,43780,2002,231200,TRUE
48375,3.4720654487609863,43780,2003,244300,TRUE
48375,3.4720654487609863,43780,2004,250600,TRUE
48375,3.4720654487609863,43780,2005,256500,TRUE
48375,3.4720654487609863,43780,2006,246300,TRUE
48381,3.4720654487609863,43764,1998,199000,TRUE
48381,3.4720654487609863,43764,1999,213600,TRUE
48381,3.4720654487609863,43764,2000,230600,TRUE
48381,3.4720654487609863,43764,2001,242400,TRUE
48381,3.4720654487609863,43764,2002,249200,TRUE
48381,3.4720654487609863,43764,2003,258600,TRUE
48381,3.4720654487609863,43764,2004,261300,TRUE
48381,3.4720654487609863,43764,2005,271800,TRUE
48381,3.4720654487609863,43764,2006,267200,TRUE
48423,2.704054594039917,72622,1998,NA,TRUE
48423,2.704054594039917,72622,1999,123900,TRUE
48423,2.704054594039917,72622,2000,128500,TRUE
48423,2.704054594039917,72622,2001,140200,TRUE
48423,2.704054594039917,72622,2002,139500,TRUE
48423,2.704054594039917,72622,2003,142500,TRUE
48423,2.704054594039917,72622,2004,147700,TRUE
48423,2.704054594039917,72622,2005,153500,TRUE
48423,2.704054594039917,72622,2006,152000,TRUE
48439,2.7976818084716797,556000,1998,NA,TRUE
48439,2.7976818084716797,556000,1999,NA,TRUE
48439,2.7976818084716797,556000,2000,152300,TRUE
48439,2.7976818084716797,556000,2001,159100,TRUE
48439,2.7976818084716797,556000,2002,162100,TRUE
48439,2.7976818084716797,556000,2003,166300,TRUE
48439,2.7976818084716797,556000,2004,171900,TRUE
48439,2.7976818084716797,556000,2005,176500,TRUE
48439,2.7976818084716797,556000,2006,172900,TRUE
48473,2.3022217750549316,7647,1998,NA,FALSE
48473,2.3022217750549316,7647,1999,122800,FALSE
48473,2.3022217750549316,7647,2000,125200,FALSE
48473,2.3022217750549316,7647,2001,134000,FALSE
48473,2.3022217750549316,7647,2002,138100,FALSE
48473,2.3022217750549316,7647,2003,144500,FALSE
48473,2.3022217750549316,7647,2004,147100,FALSE
48473,2.3022217750549316,7647,2005,153400,FALSE
48473,2.3022217750549316,7647,2006,149400,FALSE
49045,0.7453108429908752,13812,1998,NA,FALSE
49045,0.7453108429908752,13812,1999,NA,FALSE
49045,0.7453108429908752,13812,2000,NA,FALSE
49045,0.7453108429908752,13812,2001,NA,FALSE
49045,0.7453108429908752,13812,2002,NA,FALSE
49045,0.7453108429908752,13812,2003,NA,FALSE
49045,0.7453108429908752,13812,2004,91300,FALSE
49045,0.7453108429908752,13812,2005,92300,FALSE
49045,0.7453108429908752,13812,2006,93900,FALSE
51109,2.599609136581421,11247,1998,NA,TRUE
51109,2.599609136581421,11247,1999,NA,TRUE
51109,2.599609136581421,11247,2000,NA,TRUE
51109,2.599609136581421,11247,2001,NA,TRUE
51109,2.599609136581421,11247,2002,NA,TRUE
51109,2.599609136581421,11247,2003,NA,TRUE
51109,2.599609136581421,11247,2004,NA,TRUE
51109,2.599609136581421,11247,2005,NA,TRUE
51109,2.599609136581421,11247,2006,NA,TRUE
51510,1.6058274507522583,61882,1998,78200,FALSE
51510,1.6058274507522583,61882,1999,85500,FALSE
51510,1.6058274507522583,61882,2000,83500,FALSE
51510,1.6058274507522583,61882,2001,87400,FALSE
51510,1.6058274507522583,61882,2002,89200,FALSE
51510,1.6058274507522583,61882,2003,96900,FALSE
51510,1.6058274507522583,61882,2004,99600,FALSE
51510,1.6058274507522583,61882,2005,103500,FALSE
51510,1.6058274507522583,61882,2006,106100,FALSE
53005,2.289719820022583,55774,1998,165600,FALSE
53005,2.289719820022583,55774,1999,172600,FALSE
53005,2.289719820022583,55774,2000,179300,FALSE
53005,2.289719820022583,55774,2001,194000,FALSE
53005,2.289719820022583,55774,2002,204400,FALSE
53005,2.289719820022583,55774,2003,221500,FALSE
53005,2.289719820022583,55774,2004,237700,FALSE
53005,2.289719820022583,55774,2005,261900,FALSE
53005,2.289719820022583,55774,2006,273300,FALSE
53011,1.0669581890106201,134171,1998,103400,FALSE
53011,1.0669581890106201,134171,1999,109500,FALSE
53011,1.0669581890106201,134171,2000,114600,FALSE
53011,1.0669581890106201,134171,2001,123600,FALSE
53011,1.0669581890106201,134171,2002,124600,FALSE
53011,1.0669581890106201,134171,2003,128800,FALSE
53011,1.0669581890106201,134171,2004,148900,FALSE
53011,1.0669581890106201,134171,2005,147200,FALSE
53011,1.0669581890106201,134171,2006,152900,FALSE
53033,0.88186115026474,743463,1998,NA,FALSE
53033,0.88186115026474,743463,1999,NA,FALSE
53033,0.88186115026474,743463,2000,NA,FALSE
53033,0.88186115026474,743463,2001,NA,FALSE
53033,0.88186115026474,743463,2002,NA,FALSE
53033,0.88186115026474,743463,2003,282300,FALSE
53033,0.88186115026474,743463,2004,241300,FALSE
53033,0.88186115026474,743463,2005,242300,FALSE
53033,0.88186115026474,743463,2006,249200,FALSE
53035,1.4866294860839844,92688,1998,119500,FALSE
53035,1.4866294860839844,92688,1999,129300,FALSE
53035,1.4866294860839844,92688,2000,124200,FALSE
53035,1.4866294860839844,92688,2001,132100,FALSE
53035,1.4866294860839844,92688,2002,143200,FALSE
53035,1.4866294860839844,92688,2003,151700,FALSE
53035,1.4866294860839844,92688,2004,158300,FALSE
53035,1.4866294860839844,92688,2005,173700,FALSE
53035,1.4866294860839844,92688,2006,184400,FALSE
53059,1.0669581890106201,3120,1998,131200,FALSE
53059,1.0669581890106201,3120,1999,137100,FALSE
53059,1.0669581890106201,3120,2000,132400,FALSE
53059,1.0669581890106201,3120,2001,149600,FALSE
53059,1.0669581890106201,3120,2002,152800,FALSE
53059,1.0669581890106201,3120,2003,169200,FALSE
53059,1.0669581890106201,3120,2004,173800,FALSE
53059,1.0669581890106201,3120,2005,199000,FALSE
53059,1.0669581890106201,3120,2006,200900,FALSE
53061,0.88186115026474,241761,1998,91500,FALSE
53061,0.88186115026474,241761,1999,96500,FALSE
53061,0.88186115026474,241761,2000,99000,FALSE
53061,0.88186115026474,241761,2001,104800,FALSE
53061,0.88186115026474,241761,2002,109300,FALSE
53061,0.88186115026474,241761,2003,110400,FALSE
53061,0.88186115026474,241761,2004,106600,FALSE
53061,0.88186115026474,241761,2005,116600,FALSE
53061,0.88186115026474,241761,2006,110000,FALSE
53063,1.644107699394226,177152,1998,104300,FALSE
53063,1.644107699394226,177152,1999,100900,FALSE
53063,1.644107699394226,177152,2000,108600,FALSE
53063,1.644107699394226,177152,2001,121400,FALSE
53063,1.644107699394226,177152,2002,119500,FALSE
53063,1.644107699394226,177152,2003,119600,FALSE
53063,1.644107699394226,177152,2004,132300,FALSE
53063,1.644107699394226,177152,2005,148900,FALSE
53063,1.644107699394226,177152,2006,144300,FALSE
54015,1.5718449354171753,4693,1998,115700,FALSE
54015,1.5718449354171753,4693,1999,119900,FALSE
54015,1.5718449354171753,4693,2000,127400,FALSE
54015,1.5718449354171753,4693,2001,136200,FALSE
54015,1.5718449354171753,4693,2002,141900,FALSE
54015,1.5718449354171753,4693,2003,154600,FALSE
54015,1.5718449354171753,4693,2004,157500,FALSE
54015,1.5718449354171753,4693,2005,164300,FALSE
54015,1.5718449354171753,4693,2006,170700,FALSE
55009,2.0161752700805664,92446,1998,115500,FALSE
55009,2.0161752700805664,92446,1999,127000,FALSE
55009,2.0161752700805664,92446,2000,142800,FALSE
55009,2.0161752700805664,92446,2001,157400,FALSE
55009,2.0161752700805664,92446,2002,171100,FALSE
55009,2.0161752700805664,92446,2003,184200,FALSE
55009,2.0161752700805664,92446,2004,188700,FALSE
55009,2.0161752700805664,92446,2005,205100,FALSE
55009,2.0161752700805664,92446,2006,211000,FALSE
55025,2.2471561431884766,179888,1998,132400,FALSE
55025,2.2471561431884766,179888,1999,147800,FALSE
55025,2.2471561431884766,179888,2000,166300,FALSE
55025,2.2471561431884766,179888,2001,184700,FALSE
55025,2.2471561431884766,179888,2002,200800,FALSE
55025,2.2471561431884766,179888,2003,223500,FALSE
55025,2.2471561431884766,179888,2004,240900,FALSE
55025,2.2471561431884766,179888,2005,253600,FALSE
55025,2.2471561431884766,179888,2006,261600,FALSE
55031,2.0149717330932617,21413,1998,142100,FALSE
55031,2.0149717330932617,21413,1999,160900,FALSE
55031,2.0149717330932617,21413,2000,180100,FALSE
55031,2.0149717330932617,21413,2001,193900,FALSE
55031,2.0149717330932617,21413,2002,206800,FALSE
55031,2.0149717330932617,21413,2003,228000,FALSE
55031,2.0149717330932617,21413,2004,253100,FALSE
55031,2.0149717330932617,21413,2005,272400,FALSE
55031,2.0149717330932617,21413,2006,274500,FALSE
55063,2.1786959171295166,43207,1998,NA,FALSE
55063,2.1786959171295166,43207,1999,NA,FALSE
55063,2.1786959171295166,43207,2000,NA,FALSE
55063,2.1786959171295166,43207,2001,115000,FALSE
55063,2.1786959171295166,43207,2002,131100,FALSE
55063,2.1786959171295166,43207,2003,151300,FALSE
55063,2.1786959171295166,43207,2004,169300,FALSE
55063,2.1786959171295166,43207,2005,177800,FALSE
55063,2.1786959171295166,43207,2006,176500,FALSE
55073,2.762718439102173,47759,1998,153700,TRUE
55073,2.762718439102173,47759,1999,169400,TRUE
55073,2.762718439102173,47759,2000,188200,TRUE
55073,2.762718439102173,47759,2001,215800,TRUE
55073,2.762718439102173,47759,2002,235000,TRUE
55073,2.762718439102173,47759,2003,267300,TRUE
55073,2.762718439102173,47759,2004,275900,TRUE
55073,2.762718439102173,47759,2005,293700,TRUE
55073,2.762718439102173,47759,2006,293600,TRUE
55089,1.0286415815353394,32391,1998,141600,FALSE
55089,1.0286415815353394,32391,1999,168100,FALSE
55089,1.0286415815353394,32391,2000,184400,FALSE
55089,1.0286415815353394,32391,2001,194400,FALSE
55089,1.0286415815353394,32391,2002,213200,FALSE
55089,1.0286415815353394,32391,2003,222800,FALSE
55089,1.0286415815353394,32391,2004,244300,FALSE
55089,1.0286415815353394,32391,2005,269500,FALSE
55089,1.0286415815353394,32391,2006,284700,FALSE
55101,1.7746771574020386,78537,1998,69200,FALSE
55101,1.7746771574020386,78537,1999,83100,FALSE
55101,1.7746771574020386,78537,2000,100200,FALSE
55101,1.7746771574020386,78537,2001,126600,FALSE
55101,1.7746771574020386,78537,2002,142300,FALSE
55101,1.7746771574020386,78537,2003,167600,FALSE
55101,1.7746771574020386,78537,2004,172100,FALSE
55101,1.7746771574020386,78537,2005,176200,FALSE
55101,1.7746771574020386,78537,2006,187000,FALSE
55105,3.3310556411743164,62212,1998,142500,TRUE
55105,3.3310556411743164,62212,1999,150600,TRUE
55105,3.3310556411743164,62212,2000,177600,TRUE
55105,3.3310556411743164,62212,2001,211400,TRUE
55105,3.3310556411743164,62212,2002,231800,TRUE
55105,3.3310556411743164,62212,2003,262300,TRUE
55105,3.3310556411743164,62212,2004,272600,TRUE
55105,3.3310556411743164,62212,2005,300900,TRUE
55105,3.3310556411743164,62212,2006,311500,TRUE
55109,1.4473755359649658,21755,1998,112000,FALSE
55109,1.4473755359649658,21755,1999,120100,FALSE
55109,1.4473755359649658,21755,2000,141300,FALSE
55109,1.4473755359649658,21755,2001,159200,FALSE
55109,1.4473755359649658,21755,2002,176600,FALSE
55109,1.4473755359649658,21755,2003,190500,FALSE
55109,1.4473755359649658,21755,2004,199900,FALSE
55109,1.4473755359649658,21755,2005,221400,FALSE
55109,1.4473755359649658,21755,2006,227700,FALSE
